--
-- PostgreSQL database dump
--

-- Dumped from database version 11.3
-- Dumped by pg_dump version 11.3

-- Started on 2019-11-30 18:35:11

SET statement_timeout = 0;
SET lock_timeout = 0;
SET idle_in_transaction_session_timeout = 0;
SET client_encoding = 'UTF8';
SET standard_conforming_strings = on;
SELECT pg_catalog.set_config('search_path', '', false);
SET check_function_bodies = false;
SET xmloption = content;
SET client_min_messages = warning;
SET row_security = off;

SET default_tablespace = '';

SET default_with_oids = false;

--
-- TOC entry 196 (class 1259 OID 46526)
-- Name: comment; Type: TABLE; Schema: public; Owner: postgres
--

CREATE TABLE public.comment (
    id bigint NOT NULL,
    content character varying(255),
    employee_name character varying(255),
    employee_photo oid,
    company_id bigint
);


ALTER TABLE public.comment OWNER TO postgres;

--
-- TOC entry 197 (class 1259 OID 46534)
-- Name: company; Type: TABLE; Schema: public; Owner: postgres
--

CREATE TABLE public.company (
    id bigint NOT NULL,
    logo oid,
    name character varying(255)
);


ALTER TABLE public.company OWNER TO postgres;

--
-- TOC entry 205 (class 1259 OID 46580)
-- Name: hibernate_sequence; Type: SEQUENCE; Schema: public; Owner: postgres
--

CREATE SEQUENCE public.hibernate_sequence
    START WITH 1
    INCREMENT BY 1
    NO MINVALUE
    NO MAXVALUE
    CACHE 1;


ALTER TABLE public.hibernate_sequence OWNER TO postgres;

--
-- TOC entry 198 (class 1259 OID 46539)
-- Name: major; Type: TABLE; Schema: public; Owner: postgres
--

CREATE TABLE public.major (
    id bigint NOT NULL,
    name character varying(255)
);


ALTER TABLE public.major OWNER TO postgres;

--
-- TOC entry 199 (class 1259 OID 46544)
-- Name: occupation; Type: TABLE; Schema: public; Owner: postgres
--

CREATE TABLE public.occupation (
    id bigint NOT NULL,
    description character varying(10000),
    name character varying(255),
    trajectory_id bigint
);


ALTER TABLE public.occupation OWNER TO postgres;

--
-- TOC entry 200 (class 1259 OID 46552)
-- Name: occupation_major; Type: TABLE; Schema: public; Owner: postgres
--

CREATE TABLE public.occupation_major (
    occupation_id bigint NOT NULL,
    major_id bigint NOT NULL
);


ALTER TABLE public.occupation_major OWNER TO postgres;

--
-- TOC entry 201 (class 1259 OID 46557)
-- Name: salary; Type: TABLE; Schema: public; Owner: postgres
--

CREATE TABLE public.salary (
    id bigint NOT NULL,
    highest integer NOT NULL,
    without_experience integer NOT NULL,
    year_of_experience integer NOT NULL,
    occupation_id bigint
);


ALTER TABLE public.salary OWNER TO postgres;

--
-- TOC entry 202 (class 1259 OID 46562)
-- Name: stats; Type: TABLE; Schema: public; Owner: postgres
--

CREATE TABLE public.stats (
    id bigint NOT NULL,
    employed_after integer NOT NULL,
    employed_during integer NOT NULL,
    total integer NOT NULL,
    year integer NOT NULL
);


ALTER TABLE public.stats OWNER TO postgres;

--
-- TOC entry 203 (class 1259 OID 46567)
-- Name: trajectory; Type: TABLE; Schema: public; Owner: postgres
--

CREATE TABLE public.trajectory (
    id bigint NOT NULL,
    name character varying(255)
);


ALTER TABLE public.trajectory OWNER TO postgres;

--
-- TOC entry 204 (class 1259 OID 46572)
-- Name: usr; Type: TABLE; Schema: public; Owner: postgres
--

CREATE TABLE public.usr (
    id bigint NOT NULL,
    password character varying(255),
    username character varying(255)
);


ALTER TABLE public.usr OWNER TO postgres;

--
-- TOC entry 2864 (class 0 OID 46526)
-- Dependencies: 196
-- Data for Name: comment; Type: TABLE DATA; Schema: public; Owner: postgres
--



--
-- TOC entry 2865 (class 0 OID 46534)
-- Dependencies: 197
-- Data for Name: company; Type: TABLE DATA; Schema: public; Owner: postgres
--



--
-- TOC entry 2866 (class 0 OID 46539)
-- Dependencies: 198
-- Data for Name: major; Type: TABLE DATA; Schema: public; Owner: postgres
--

INSERT INTO public.major (id, name) VALUES (3, '09.03.03 Прикладная информатика');
INSERT INTO public.major (id, name) VALUES (4, '09.03.01 Информатика и вычислительная техника');
INSERT INTO public.major (id, name) VALUES (5, '09.03.04 Программная инженерия');
INSERT INTO public.major (id, name) VALUES (28, '27.03.04 Управление в технических системах');
INSERT INTO public.major (id, name) VALUES (41, '10.03.01 Информационная безопасность');
INSERT INTO public.major (id, name) VALUES (67, '10.05.02 Информационная безопасность телекоммуникационных систем');
INSERT INTO public.major (id, name) VALUES (68, '10.05.04 Информационно-аналитические системы безопасности');
INSERT INTO public.major (id, name) VALUES (100, '11.03.02 Инфокоммуникационные технологии и системы связи');
INSERT INTO public.major (id, name) VALUES (103, '11.03.01 Радиотехника');
INSERT INTO public.major (id, name) VALUES (106, '11.03.03 Конструирование и технология электронных средств');
INSERT INTO public.major (id, name) VALUES (117, '10.03.01 Информационная безопасность телекоммуникационных систем');
INSERT INTO public.major (id, name) VALUES (124, '11.05.2001 Радиоэлектронные системы и комплексы');
INSERT INTO public.major (id, name) VALUES (139, '29.03.03 Технология полиграфического и упаковочного производства');


--
-- TOC entry 2867 (class 0 OID 46544)
-- Dependencies: 199
-- Data for Name: occupation; Type: TABLE DATA; Schema: public; Owner: postgres
--

INSERT INTO public.occupation (id, description, name, trajectory_id) VALUES (2, 'Технический писатель — это специалист, который занимается составлением документации в рамках разработки различных программ и автоматизированных систем, проведения НИОКР, а также решения иных технических задач. К составляемым документам относятся задания для специалистов, руководство по эксплуатации для пользователей и многие другие. Технический писатель, способный составить их грамотно и на понятном для конечного пользователя языке, всегда востребован.', 'Технический писатель', 1);
INSERT INTO public.occupation (id, description, name, trajectory_id) VALUES (7, 'Руководитель разработки программного обеспечения занимается руководством процессами разработки, отладкой, проверкой работоспособности и модификацией программного обеспечения, их организацией и управлением ресурсами, обеспечивает коллективную среду разработки программного обеспечения и систему контроля версий. 
 
В его обязанности входит: 
 
Руководство разработкой программного кода 
Руководство проверкой работоспособности программного обеспечения 
Руководство интеграцией программных модулей и компонентов программного обеспечения 
Руководство разработкой проектной и технической документации 
Управление запросами на изменения, дефектами и проблемами в программном обеспечении 
Управление конфигурациями и выпусками программного продукта 
Руководство разработкой технических спецификаций программного обеспечения 
Руководство проектированием программного обеспечения 
Управление процессом разработки программного обеспечения 
Управление информацией в процессе разработки программного обеспечения 
Разработка внутренних правил, методик и регламентов проведения работ 
Управление инфраструктурой коллективной среды разработки 
Управление рисками разработки программного обеспечения.', 'Руководитель разработки программного обеспечения', 1);
INSERT INTO public.occupation (id, description, name, trajectory_id) VALUES (9, 'Ведет информационную работу, разрабатывает и создает информационно-поисковые системы, организовывает научно-информационные фонды, составляет классификаторы, проводит экспертизы практической ценности научно-технической документации, редактирует, реферирует, рецензирует тексты, разрабатывает нормативную и методическую документацию.', 'Информатик-технолог', 1);
INSERT INTO public.occupation (id, description, name, trajectory_id) VALUES (11, 'Системный администратор — это специалист, обеспечивающий бесперебойную работу компьютерной техники, локальной сети, программного обеспечения в офисах и компаниях. Он отвечает за сетевую безопасность, работоспособность компьютеров и компьютерных программ. Круг его обязанностей очень широк — от закупки компьютеров и комплектующих до написания Web-сайтов. Системный администратор — он же сисадмин — может обслуживать предприятия с мощными серверами и многочисленными пользовательскими станциями, а может курировать маленькие фирмы с десятком, объединённых в локальную сеть, компьютеров.', 'Системный администратор (системный инженер)', 1);
INSERT INTO public.occupation (id, description, name, trajectory_id) VALUES (13, 'ERP-консультант (консультант по внедрению ERP-систем) – занимается внедрением и наладкой систем планирования предприятия. ERP-система (Enterprise Resource Planning) – это комплекс приложений, который позволяет автоматизировать учет и управление на предприятии, связать между собой его разные отделы. 
 
ERP-консультант должен хорошо разбираться в информационных системах, бизнес-процессах, иметь навыки управления проектной командой, управления проектами, понимать методологию внедрения ERP-системы, иметь представления о системах Navision, Axapta, ORACLE, BAAN, Scala, Platinum, SUN System, SAP и базах данных ORACLE, MSSQL, DB2. 
 
Консультант по внедрению ERP-систем своего рода универсальный солдат. В его арсенал помимо виртуозного владения компьютером и глубокого знания функциональности системы входят навыки публичного выступления и преподавателя, глубокое понимание отраслевой бизнес-специфики, знание английского языка, основ проектного управления и психологии, владение методами оптимизации бизнес процессов и аналитические способности.', 'ERP-консультант', 1);
INSERT INTO public.occupation (id, description, name, trajectory_id) VALUES (15, 'Web-программист — специалист в области компьютерных технологий, а именно web-программирования. Призван воплотить в жизнь проекты web-дизайнеров, создавая функционирующий сайт. Он должен знать HTML, JAVA, JAVAScript, РНР, CGI, Perl, иметь опыт работы с такими инструментами web-разработчиков, как Dreamweaver, Flash и ColdFusion. Эти языки и программы расширяют возможности сайтов, помогают вносить разнообразие: элементы анимации, звук, интерактивные игры, онлайновые анкеты и функции Интернет-торговли. Работа web-программиста непосредственно связана с глобальной сетью Интернет.

Такой специалист создает программы, способные функционировать в ее пределах. Без его участия не станет работать ни один интернет-проект. Web-программисты создают динамические страницы, пишут интерфейсы к базам данных, составляют технические задания проектов. Если, к примеру, web-сайты — дома, то web-программисты — архитекторы, которые мыслят новыми, компьютерными категориями.', 'Web-программист', 1);
INSERT INTO public.occupation (id, description, name, trajectory_id) VALUES (27, 'Устанавливает и адаптирует программное обеспечение в организациях и офисах, обслуживает локальные и дистанционные сети, создает и модифицирует компьютерные базы данных.', 'Информатик (специалист по информационным технологиям)', 1);
INSERT INTO public.occupation (id, description, name, trajectory_id) VALUES (17, 'Профессия системного аналитика — это одна из современных сфер деятельности, включающая в себя решение организационных задач с помощью системного анализа. В широком плане невозможно описать эту профессию. Системный аналитик в ИТ-сфере чаще всего занимается задачами автоматизации процессов. Он собирает информацию у всех участников производственного процесса, обрабатывает ее и досконально описывает функционал программного обеспечения. В общих чертах, системный аналитик отвечает за техническую постановку задачи разработки ПО. От специалиста требуются знания в сфере информационных технологий, менеджмента, экономики и сферы деятельности компании, для которой решаются задачи. 
 
Как будут развиваться функции профессии "Ситемный аналитик" в бижайшем будущем? 
 
Сегодня это востребованная и популярная профессия для интеллектуальной элиты. В будущем интеллектуальные системы возьмут на себя значительную часть аналитических функций и будут предлагать готовые решения по разработке элементов системы. Поскольку миссия данной профессии это автоматизация процессов, ее роль будет возрастать по мере развития технологий. Но содержание профессии будет меняться в более творческую сторону - поиск нестандарных решений для построения оптимальных систем в конкретных ситуациях. Рутина по сбору и обработке информации уйдет в прошлое.', 'Системный аналитик', 1);
INSERT INTO public.occupation (id, description, name, trajectory_id) VALUES (19, 'Бизнес-аналитик (Business Analyst) — специалист, задачей которого является детальное изучение структуры, бизнес-процессов и системы управления компании, выявление проблем и поиск путей их успешного разрешения. Например, функции бизнес-аналитика могут включать финансовый анализ деятельности организации, автоматизацию хозяйственной деятельности или разработку новой, более эффективной бизнес-модели, которая включает в себя оптимизацию процессов и работы персонала, снижение издержек, увеличение прибыли и т.п. 
 
Как будут развиваться функции профессии "Бизнес-аналитик" в бижайшем будущем?  
 
Сегодня это востребованная и популярная профессия для интеллектуальной элиты. В будущем интеллектуальные системы возьмут на себя значительную часть аналитических функций и будут диагностировать бизнес-системы, предлагать готовые решения по изменению их элементов. Поскольку миссия данной профессии это улучшение и автоматизация бизнес-процессов, ее роль будет возрастать по мере развития технологий. Но содержание профессии будет меняться в более творческую сторону - поиск нестандарных решений для оптимизации бизнеса в конкретных ситуациях. Рутина по сбору и обработке информации уйдет в прошлое. Роль бизнес-аналитика будет сведена к анализу уже готовых решений, предоставляемых интеллектуальной системой, подготовке решений по нетривиальным ситуациям.', 'Бизнес-аналитик (специалист по бизнес-процессам)', 1);
INSERT INTO public.occupation (id, description, name, trajectory_id) VALUES (21, 'Разработчик компьютерных игр – это специалист, работающий в области создания компьютерных игр. Он работает в команде проекта по созданию игры вместе с режиссером, руководителем проекта, программистом, гейм-дизайнером, музыкантом, художником и тестировщиком или играет сам все эти роли, берет на себя те задачи, с которыми может справиться. Разработчик создает концепцию игры, дизайн персонажей, создает прототип игры, выбирает средства для реализации проекта. 
 
Требования к разработчикам игр: 
 
базовые навыки программирования (PHP+MySQL, Ajax, C#); 
значительный игровой стаж; 
умение рисовать от руки; 
знание английского языка; 
опыт модостроения, компьютерного моделирования; 
знание закономерностей построения игрового процесса и игровых миров.', 'Разработчик компьютерных игр', 1);
INSERT INTO public.occupation (id, description, name, trajectory_id) VALUES (23, 'Руководитель проектов в области информационных технологий обеспечивает менеджмент проектов в области ИТ (планирование, организация исполнения, контроль и анализ отклонений) для эффективного достижения целей проекта в рамках утвержденных заказчиком требований, бюджета и сроков.  
 
В его функции входит: 
 
Планирование конфигурационного управления в проектах в области ИТ 
Организационное и методологическое обеспечение идентификации конфигурации информационных систем (ИС) 
Организационное и методологическое обеспечение отчетности по статусу конфигурации ИС 
Аудит конфигураций ИС в проектах в области ИТ 
Управление выпуском и поставкой в проектах в области ИТ 
Планирование управления изменениями в проектах в области ИТ 
Анализ и согласование запросов на изменение 
Планирование управления договорами и документацией 
Планирование управления персоналом в проектах в области ИТ, командообразование и развитие команды проекта 
Мониторинг и управление работами проекта 
Анализ рисков в проектах в области ИТ.', 'Руководитель проектов в области информационных технологий', 1);
INSERT INTO public.occupation (id, description, name, trajectory_id) VALUES (25, 'Консультант в области развития цифровых компетенций населения (цифровой куратор) – это специалист, осуществляющий просвещение в вопросах применения цифровых технологий и онлайн-сервисов в различных сферах жизни, а также содействующий развитию цифровых компетенций различных групп населения. 
 
Под цифровыми компетенциями понимается базовый набор знаний, навыков и установок, позволяющий человеку эффективно решать задачи в цифровой среде. К компонентам цифровой грамотности относятся: информационная грамотность, компьютерная грамотность, медиаграмотность, коммуникативная грамотность, технологические инновации. 
 
Распоряжением Правительства Российской Федерации утверждена программа «Цифровая экономика Российской Федерации», которой предусмотрена организация системной работы, направленной на повышение степени информированности и цифровой грамотности широких слоев населения, что приведет к появлению новой актуальной профессии "Консультант в области развития цифровых компетенций населения (цифровой куратор)". 
 
Трудовые функций, входящих в профессиональную деятельность цифрового куратора, будут выглядеть следующим образом: 
 
Осуществление подготовительных работ по консультированию населения в области применения цифровых технологий и сервисов; 
Проведение индивидуальных консультаций ознакомительного характера, в том числе с применением e-learning технологий; 
Организационно-техническое обеспечение проведения информационно-просветительских мероприятий, направленных на развитие цифровых компетенций населения; 
Предоставление консультационных услуг по вопросам применения персональных компьютеров, сети Интернет, онлайн-сервисов для населения; 
Консультационное сопровождение развития цифровых компетенций с использованием информационных и образовательных ресурсов; 
Организационно-методическое обеспечение деятельности по предоставлению консультационных услуг в области развития цифровых компетенций. 
  
 
К 2024 году доля населения, обладающего цифровыми навыками, должна составить 40%. К решению этих масштабных просветительских задач планируется привлекать способную и инициативную молодежь, уверенно владеющую интернет-технологиями, в том числе школьников. 
 
Востребованность новой профессии подтверждается как результатами оценки уровня цифровой грамотности населения, с одно стороны, так и задачами по развитию цифровой экономики в России, с другой.', 'Консультант в области развития цифровых компетенций населения (цифровой куратор)', 1);
INSERT INTO public.occupation (id, description, name, trajectory_id) VALUES (30, 'Тимлидом обычно называют руководителей группы разработчиков в софтверных компаниях. Тимлид выполняет следующие функции: 
 
Техническое ведение проектов; 
Контроль процессов и минимизация рисков; 
Контроль рентабельности и мотивация; 
Контроль своей команды; 
Контроль качества проекта; 
Разделение ответственности. 
  
 
Понятие технического лидерства (technical leadership) означает помощь в организации коллективной мыслительной работы по отношению к той или иной технической идее: все участники проекта должны делать одну и ту же систему, а не разные. Технический лидер берет на себя ответственность за выполнение задачи в установленные сроки с требуемым качеством, руководит коллективом разработчиков, отвечает за распределение работ, слаженную работу коллектива', 'Тимлид, технический лидер', 1);
INSERT INTO public.occupation (id, description, name, trajectory_id) VALUES (32, 'Архитектор программного обеспечения (ПО) — проектная роль в разработке ПО, профессия, возможно — позиция/должность. Ключевая обязанность архитектора — проектирование архитектуры ПО, т. е. принятие ключевых проектных решений относительно внутреннего устройства программной системы и её технических интерфейсов. 
 
В проектирование архитектуры ПО входят следующие задачи: 
 
определение архитектурного шаблона/парадигмы; 
разбиение на технические подсистемы/слои/компоненты/модули; 
определение языковой парадигмы для каждого из них; 
выбор средств исполнения; 
разработка ключевых технических сценариев взаимодействия компонентов; 
определение протоколов взаимодействия компонентов (проектирование технических интерфейсов); 
определение форматов хранения и передачи данных; 
подбор технических средств и шаблонов для реализации подсистем.', 'Системный архитектор, архитектор программного обеспечения', 1);
INSERT INTO public.occupation (id, description, name, trajectory_id) VALUES (34, 'Тестировщик — это специалист, который занимается тестированием программного обеспечения (ПО) с целью выявления ошибок в его работе и их последующего исправления. Вместе с тем существует и несколько иное название данной профессии — QA Tester (или QA Manager, Engineer), которое обычно включает в себя более широкий спектр обязанностей. Тестировщик осуществляет контроль качества продукта после его разработки, в то время как задача QA тестера — обеспечение качества продукции на всех этапах разработки, выпуска и эксплуатации ПО. QA-инженеры проверяют работу программистов, поэтому обязаны знать все тонкости работы проверяемого продукта, иметь кругозор шире кругозора программиста.', 'Тестировщик, QA-инженер', 1);
INSERT INTO public.occupation (id, description, name, trajectory_id) VALUES (36, 'Менеджер продуктов в области информационных технологий занимается управлением жизненным циклом продуктов в области информационных технологий посредством организации их создания, вывода на рынок, продвижения, продаж, поддержки, развития и вывода с рынка с целью достижения, поддержания и роста их успешности. 
 
В его обязанности входит: 
 
Сопровождение развития существующего продукта: 
 
Разработка требований к продукту 
Сопровождение продуктовых исследований 
Сопровождение дизайна, разработки и выпуска обновлений продукта 
Сопровождение разработки планов развития и продвижения продукта 
Поддержка продаж продукта 
  
 
Управление продуктом: 
 
Управление продуктовыми исследованиями 
Определение продукта, управление дизайном и требованиями к продукту 
Создание и регулирование плана развития продукта 
Заказ разработки продукта, контроль ее хода и приемка продукта 
Координация планов разработки и продвижения продуктов и согласованной работы соответствующих подразделений 
Планирование и организация вывода продукта и его обновлений на рынок 
Управление показателями успешности и развитием продукта 
  
 
Управление серией продуктов и группой их менеджеров: 
 
Заказ и анализ результатов технологических исследований в интересах серии продуктов 
Разработка бизнес-планов, ценовой политики и стратегии развития серии продуктов 
Продвижение продуктов серии 
Управление патентами на технологии, создаваемые в рамках продуктов 
  
 
Управление портфелем продуктов и подразделением управления продуктами: 
 
Управление исследованиями новых рынков 
Управление портфелем продуктов 
Развитие процессов и практик управления продуктами и их интеграции с остальными процессами организации 
Подбор и прием на работу менеджеров продуктов и управление их деятельностью.', 'Менеджер продуктов в области информационных технологий', 1);
INSERT INTO public.occupation (id, description, name, trajectory_id) VALUES (38, 'Бизнес-консультант – это специалист, который анализирует состояние бизнеса, организации, находит критические точки, мешающие бизнесу развиваться, и точки роста, на которых может быть основан рост. 
 
В задачи бизнес-консультанта входит не только доходчивое донесение этой информации до владельцев и руководителя бизнеса, но и формирование у управляющей команды целостного видения ситуации, создание условий, когда управляющая команда вырабатывает и реализует решения, повышающие эффективность и успешность бизнеса. 
 
Основной алгоритм действий данного специалиста имеет три шага: изучить ситуацию – найти проблемы – предложить конкретные решения этих проблем. В дальнейшем консультант может сопровождать проект до его успешного завершения. 
 
Должностные обязанности бизнес-консультанта могут иметь следующий вид: 
 
Предпроектное исследование и анализ деятельности компании; 
Описание бизнес-процессов; 
Разработка корпоративных регламентов, инструкций, технических заданий и различной сопроводительной документации; 
Сопровождение проекта; 
Проведение бизнес-тренингов и консультирование участников проекта. 
  
 
Специалисты данной профессии могут занимать должности директора по развитию или директора по бизнес-процессам, когда компания нуждается во внутреннем консалтинге. Внешние бизнес-консультанты оказывают консультационные услуги различного рода фирмам и предпринимателям по самым разным вопросам.', 'Бизнес-консультант', 1);
INSERT INTO public.occupation (id, description, name, trajectory_id) VALUES (40, 'Системный программист, в отличие от прикладного, занимается программированием программ, которые предназначены для обеспечения работы компьютера и используются другими компьютерными специалистами. Системные программисты — разрабатывают операционные системы и оболочки для баз данных, а также решают другие подобные задачи. 
 
Его задача – выстроить многоуровневую структуру, которая объединит отдельные компоненты в модули, а модули – в единый организм компьютера или компьютерную сеть.', 'Системный программист', 1);
INSERT INTO public.occupation (id, description, name, trajectory_id) VALUES (43, 'Администратор базы данных занимается проектированием и налаживанием работы базы данных, следит за корректностью и безопасностью ее эксплуатации пользователями. Он должен обеспечить бесперебойную работу сервера и доступ пользователей к нужной информации. Администратор отвечает за защиту данных и их хранение. При сбоях в работе сервера или самой базы администратор восстанавливает утраченные данные. 
 
Как будет меняться характер труда администратора баз данных в будущем? 
 
В будущем развитие систем искусственного интеллекта позволит автоматически проводить регламентные работы по администрированию баз данных, ликвидировать системные сбои быстро и практически незаметно для системы и пользователя. Администраторов баз данных заменят программы и специалисты по их настройке.', 'Администратор баз данных', 1);
INSERT INTO public.occupation (id, description, name, trajectory_id) VALUES (45, 'Преподаватель (учитель) робототехники – это педагог, воспитывающий творческую, технически грамотную, гармонично развитую личность, обладающую логическим мышлением, способную анализировать и решать задачи, связанные с моделированием и программированием. 
 
Робототехника – прикладная наука, занимающаяся разработкой автоматизированных технических систем, она опирается на такие дисциплины как: конструирование, электроника, программирование, математика, физика. Робототехника является одним из важнейших направлений научно- технического прогресса, в котором проблемы механики и новых технологий соприкасаются с проблемами искусственного интеллекта. 
 
В обязанности преподавателя (учителя) робототехники входит: 
 
Планирование занятий на основании разработанных методических программ; 
Подача теоретической информации в интересной, запоминающейся форме с практическим использованием элементов робототехнического конструктора и демонстрационных материалов; 
Постоянный контроль знаний и умений каждого из учащихся, а также их закрепление у обучаемых; 
Помощь в сборке робототехнических моделей по готовым инструкциям и собственным проектам; 
Проведение тематических испытаний, экспериментов и соревнований; 
Поддержание дисциплины и порядка во время занятий; 
Содержание робототехнических наборов в сохранности и порядке; 
Коммуникация с родителями учащихся по поводу успеваемости и дисциплины учащихся. 
  
 
В настоящее время робототехника в школе становится все более значимой и актуальной. Одна из причин – федеральные государственные образовательные стандарты, которые требуют освоения основ конструкторской и проектно-исследовательской деятельности учащимися. Второй причиной является актуальность в свете развития инновационных технологий, компьютеризации большей части производств. И третье, занятия робототехникой способствует развитию личности ребёнка, его социализации. 
 
Основными площадками для работы данных специалистов являются общеобразовательные школы, учреждения дополнительного образования, профильные клубы и центры.', 'Преподаватель (учитель) робототехники', 1);
INSERT INTO public.occupation (id, description, name, trajectory_id) VALUES (47, 'Архитектор информационных систем – специалист, который обладает компетенциями по широкому кругу работ с системами обработки данных. В частности, проектирует базы данных, разрабатывает алгоритмы действия, обеспечивает эффективное обращение пользователей к хранилищам данных, контролирует качество хранения данных, логику хранения и извлечения информации. Архитекторы информационных систем по мере проникновения информационных технологий во все сферы жизни, будут становиться все более востребованными, их деятельность будет все более заточеной под решение  конкретных задач.', 'Архитектор информационных систем', 1);
INSERT INTO public.occupation (id, description, name, trajectory_id) VALUES (49, 'Аналитик данных (Data Analyst) – это универсальный специалист, который обладает знаниями в математике, статистике, информатике, компьютерных науках, бизнесе и экономике. Он занимается проведением описательного (дескриптивного) анализа данных и их интерпретацией. 
 
Работа аналитика заключается в анализе разнообразных данных, как правило, цифровых, на основании которых можно делать определённые выводы. Аналитики находят применение своей профессии в научных и исследовательских учреждениях, в государственных структурах, банках, медицине, страховом бизнесе, а также в экономической сфере деятельности. Аналитик должен собирать различные цифровые данные, анализировать и впоследствии уметь их визуализировать и трактовать. Для анализа данных приходится использовать различные способы, которые зависят от его цели. 
 
Как будет меняться характер труда аналитика в будущем? 
 
Интеллектуальные системы уже в настоящее время способны проводить аналитические работы в различных областях, особенно это касается стандартных и повторяющихся операций. Со временем аналитические службы будут заменяться сервисами на основе искусственного интеллекта. Объем данных и их сложность возрастает, человеку становится сложно быстро и качественно обрабатывать подобный поток информации.  
 
На смену аналитикам придут специалисты по большим данным и искусственному интеллекту.', 'Аналитик данных (Data Analyst)', 1);
INSERT INTO public.occupation (id, description, name, trajectory_id) VALUES (51, 'Инженер по сопровождению программного обеспечения занимается процессом улучшения, оптимизации и устранения дефектов программного обеспечения (ПО) после передачи в эксплуатацию. Сопровождение ПО — это одна из фаз жизненного цикла программного обеспечения, следующая за фазой передачи ПО в эксплуатацию. В ходе сопровождения в программу вносятся изменения, с тем, чтобы исправить обнаруженные в процессе использования дефекты и недоработки, а также для добавления новой функциональности, с целью повысить удобство использования (юзабилити) и применимость ПО.', 'Инженер по сопровождению программного обеспечения', 1);
INSERT INTO public.occupation (id, description, name, trajectory_id) VALUES (53, 'Специалист по информационным системам – это специалист, принимающий участие в создании и эксплуатации информационных систем, автоматизирующих задачи организационного управления коммерческих предприятий и бюджетных учреждений. При этом практика многих лет показала, что для создания и сопровождения информационных систем в период эксплуатации необходимы специалисты широкого профиля. 
 
Специалисты должны владеть широким спектром современных информационных технологий, навыками проектирования, программирования и сопровождения систем, пониманием предметной области автоматизируемой задачи организационного управления деятельностью (учета, анализа, планирования, контроля, реализации и т. д.), а также методами и технологиями проектного управления ведением работ. 
 
Областью профессиональной деятельности специалиста по информационным системам является разработка и сопровождение информационных проектов различного назначения. 
 
Объектами профессиональной деятельности специалиста по информационным технологиям являются: информационный проект, портфель проектов, программные и сетевые средства и платформы инфраструктуры информационных технологий предприятий. 
 
Основными задачами специалиста по информационным системам являются: разработка и внедрение передовых информационных технологий с целью автоматизации управления предприятием в современных бизнес-условиях; организация инфраструктуры информационных технологий предприятия; использование минимума IT-средств (IT – Information Technologies) для достижения целей автоматизации; формирование культуры корпоративной работы пользователей.', 'Специалист по информационным системам', 1);
INSERT INTO public.occupation (id, description, name, trajectory_id) VALUES (55, 'Бизнес-информатики занимаются автоматизацией работы административных подразделений, бухгалтерий, плановых отделов, отделов сбыта, снабжения, хозяйственных, а также основных производственных подразделений крупных и средних фирм, предприятий и организаций, подсчитывают будет ли внедрение ИТ-системы выгодным для предприятия, сможет ли оно сэкономить, заменив ручную работу и «телефонное» управление компьютерной программой. 
 
Бизнес-информатик, как правило, имеет дело с профессионально ориентированной оболочкой, которую он проектирует, создает и применяет. Эта оболочка в большей степени состоит из специальных программных средств, информационного обеспечения и организационных мероприятий поддержки функционирования конкретных процессов в экономике, и в меньшей степени затрагивает ядро информационной системы. 
 
Такой специалист анализирует, прогнозирует, моделирует и создает информационные процессы и технологии в рамках профессионально-ориентированных информационных систем. Бизнес-информатик связывает воедино стратегию и тактику бизнеса, ключевые задачи и способы их выполнения, высокоуровневые требования к программной системе и способы ее реализации. 
 
В общем случае бизнес-информатик — это действительно «мост» между бизнесом и ИТ, предлагающий изменения в технологиях и процессах, которые помогут реализовать ключевые задачи бизнеса.', 'Бизнес-информатик', 1);
INSERT INTO public.occupation (id, description, name, trajectory_id) VALUES (57, 'Программист — это специалист, занимающийся разработкой алгоритмов и программ на основе математических моделей. Условно программистов можно разделить на три категории: прикладные программисты занимаются разработкой программного обеспечения, необходимого для работы организации. Например, сюда можно отнести программистов 1С. Системные программисты разрабатывают операционные системы, интерфейсы к распределенным базам данных, работают с сетями. Специалисты этой категории являются самыми редкими и высокооплачиваемыми. Web-программисты имеют дело с сетями, но, как правило, с глобальными, такими, как Internet. Они пишут web-интерфейсы к базам данных, создают динамические web-страницы. В отечественной кадровой практике часто применяется термин инженер-программист (ведущий). 
 
 
Некоторые специализации программистов: 
 
Бэк-энд разработчик — это специалист, который занимается программно-административной частью веб-приложения 
 
Фронт-энд разработчик — это программист, занимающийся разработкой пользовательского интерфейса, то есть внешней публичной части сайта в браузере. Frontend разработчик верстает сайты и шаблоны для CMS, разрабатывает пользовательский интерфейс и внедряет в него скрипты, отвечающие за анимацию и логику на веб-страницах. 
 
Web-программист — это программист, занимающийся разработкой веб-приложений, сайтов и веб информационных систем. 
 
Mobile-разработчик — это программист, занимающийся разработкой приложений для мобильных устройств (смартфоны, планшеты, умные часы) 
 
Java-разработчик — это программист, в компетенцию которых входит разработка архитектуры платформенного решения, программных модулей и интеграционных приложений. 
 
Программист Python — это программист, занимающийся разработкой, поддержкой, интеграцией и оптимизацией веб-приложений и веб-сервисов с помощью языка программирования Python. 
 
Программист Android — это программист, занимающийся разработкой, тестированием и поддержкой приложений для операционной системы Android. 
 
Программист iOS  — это программист, занимающийся разработкой, тестированием и поддержной программ для устройств Apple. 
 
Разработчик игр — это создатель программного кода, который визуализирует игровой мир и взаимодействия игрока с этим миром. 
 
Программист Ruby — это программист, который создает c помощью одноименного языка разработки программного обеспечения, приложений, в том числе серверных, облачных систем, веб-интерфейсов, платформ и модулей, их архитектуры и логики. 
 
Разработчик C# — это программист, который создает приложения, игры и сайты при помощи языка программирования C# 
 
Программист PHP — это специалист, ответственный за создание серверной части сайта. От качества его работы во многом зависит скорость, надёжность, функционирование и успешное развитие ресурса в целом.', 'Программист, разработчик программного обеспечения', 1);
INSERT INTO public.occupation (id, description, name, trajectory_id) VALUES (59, 'IT-консультант - это специалист, работающий на стыке нескольких областей – IT, экономики и менеджмента. Основная его задача - понять, что могут дать информационные технологии бизнесу: разобраться в том, что необходимо автоматизировать, какой будет в результате эффект, выбрать подходящее IT-решение и реализовать его. ИТ-консультант выступает посредником между бизнесом и ИТ-специлистами. В его задачи входит анализ бизнес-процессов, их оптимизация, разработка технического задания на автоматизацию бизнес-процессов, подбор соответствующих готовых решений или участие в разработке ТЗ на уникальное ИТ-решение для конктерного бизнеса, а также внедрение и отладка информационных систем. 
 
ИТ-консультант должен понимать что такое ядро информационной системы, уметь выбрать из него то, что необходимо для какого-то конкретного бизнеса. Затем эти отобранные элементы он настраивает под задачи и процессы бизнеса. Для настройки не требуется использовать языки и специальные средства программирования. 
 
ИТ-консультант должен также уметь вести переговоры с заказчиком, добиваться взаимопонимания. У заказчика обычно есть самое общее представление о том, чего он хотел бы, скажем, какие операции должны выполняться быстрее. Консультант же должен понять, как он может решить проблемы заказчика. Поначалу у заказчика и исполнителя довольно смутное представление о том, что же необходимо сделать.  
 
Требования к системе, которые обеспечат потребности заказчика, постоянно уточняются: сначала создается прототип, незаконченный вариант системы - заказчик его оценивает, говорит, чего бы еще хотел, - идет уточнение требований, затем этот цикл повторяется. 
 
Взаимодействие заказчика и исполнителя осуществляется в течение всего проекта. И одна из основных проблем - управление требованиями к системе: изменения, которые появляются, необходимо постоянно упорядочивать, иначе они разрушат саму систему. 
 
ИТ-консультант могут работать в консалтинговых компанийх и в IT-подразделении какой-то компании – производственной, торговой, сервисной. Вне зависимости от места работы, задачи ИТ-консультанта: донести до руководства компании информацию о том, что можно получить от IT-технологий, как их внедрить, сколько это будет  стоить, какого результата имеет смысл ожидать. В случае работы консультанта внутри компании, возникают дополнительные задачи – организовать эксплуатацию установленных решений.', 'ИТ-консультант', 1);
INSERT INTO public.occupation (id, description, name, trajectory_id) VALUES (61, 'Менеджер интернет-проектов — человек-оркестр, который управляет огромным количеством процессов: руководит разработкой и развитием сайтов, общается с заказчиками, занимается продвижением, выстраивает коммуникацию с клиентами. Менеджеры интернет-проектов работают над разными типами интернет-продуктов. 
 
Во-первых, это сайты и порталы: корпоративные сайты, информационные и новостные порталы, промо-сайты (посадочные страницы), образовательные проекты, корпоративные и персональные блоги. 
 
Во-вторых, e-commerce: интернет-магазины, онлайн-сервисы, аукционы, сетевые рынки, рассылки, подписки и другие платные виртуальные услуги. 
 
В третьих, интернет-сообщества: социальные сети, тематические сообщества, форумы. 
 
И, наконец, наиболее быстрорастущая сфера — мобильные сайты и приложения. Сюда входят все продукты или услуги, которые соединяют с интернетом телефоны, планшеты и другие мобильные устройства.', 'Менеджер интернет-проектов', 1);
INSERT INTO public.occupation (id, description, name, trajectory_id) VALUES (76, 'Куратор информационной безопасности - специалист, который отвечает за безопасность технологических процессов на автоматизированных производствах. В его задачи входят контроль за стабильной и устойчивой работой систем управления и защита процессов обработки информации. Он должен уметь оперативно реагировать на изменения и погрешности в работе, чтобы исключить риск возникновения новых уязвимостей. Профессия появится до 2020 г.', 'Куратор информационной безопасности', 63);
INSERT INTO public.occupation (id, description, name, trajectory_id) VALUES (64, 'Программист — это специалист, занимающийся разработкой алгоритмов и программ на основе математических моделей. Условно программистов можно разделить на три категории: прикладные программисты занимаются разработкой программного обеспечения, необходимого для работы организации. Например, сюда можно отнести программистов 1С. Системные программисты разрабатывают операционные системы, интерфейсы к распределенным базам данных, работают с сетями. Специалисты этой категории являются самыми редкими и высокооплачиваемыми. Web-программисты имеют дело с сетями, но, как правило, с глобальными, такими, как Internet. Они пишут web-интерфейсы к базам данных, создают динамические web-страницы. В отечественной кадровой практике часто применяется термин инженер-программист (ведущий). 
 
 
Некоторые специализации программистов: 
 
Бэк-энд разработчик — это специалист, который занимается программно-административной частью веб-приложения 
 
Фронт-энд разработчик — это программист, занимающийся разработкой пользовательского интерфейса, то есть внешней публичной части сайта в браузере. Frontend разработчик верстает сайты и шаблоны для CMS, разрабатывает пользовательский интерфейс и внедряет в него скрипты, отвечающие за анимацию и логику на веб-страницах. 
 
Web-программист — это программист, занимающийся разработкой веб-приложений, сайтов и веб информационных систем. 
 
Mobile-разработчик — это программист, занимающийся разработкой приложений для мобильных устройств (смартфоны, планшеты, умные часы) 
 
Java-разработчик — это программист, в компетенцию которых входит разработка архитектуры платформенного решения, программных модулей и интеграционных приложений. 
 
Программист Python — это программист, занимающийся разработкой, поддержкой, интеграцией и оптимизацией веб-приложений и веб-сервисов с помощью языка программирования Python. 
 
Программист Android — это программист, занимающийся разработкой, тестированием и поддержкой приложений для операционной системы Android. 
 
Программист iOS  — это программист, занимающийся разработкой, тестированием и поддержной программ для устройств Apple. 
 
Разработчик игр — это создатель программного кода, который визуализирует игровой мир и взаимодействия игрока с этим миром. 
 
Программист Ruby — это программист, который создает c помощью одноименного языка разработки программного обеспечения, приложений, в том числе серверных, облачных систем, веб-интерфейсов, платформ и модулей, их архитектуры и логики. 
 
Разработчик C# — это программист, который создает приложения, игры и сайты при помощи языка программирования C# 
 
Программист PHP — это специалист, ответственный за создание серверной части сайта. От качества его работы во многом зависит скорость, надёжность, функционирование и успешное развитие ресурса в целом.', 'Программист, разработчик программного обеспечения', 63);
INSERT INTO public.occupation (id, description, name, trajectory_id) VALUES (66, 'Главная задача специалиста по технической защите информации - предотвращение утечки информации ограниченного доступа по техническим каналам в результате несанкционированного доступа к информации и специальных воздействий на информацию (носители информации) в целях ее добывания, уничтожения, искажения и блокирования доступа к ней. 
 
Специалист по защите информации изобретает и совершенствует системы, обеспечивающие сохранность информации разных уровней: от коммерческой до военной тайны. Инженер по защите информации занимается сетевой и компьютерной безопасностью, реже - физической (пропускным режимом, видеонаблюдением и т.д.). Существует принципиальная схема, по которой строится работа такого специалиста. Во-первых, он проводит информационное обследование и анализ. Это самый важный этап, в результате которого появляется так называемая "модель нарушителя": кто, зачем и как может нарушать безопасность. Чтобы грамотно провести обследование, профессионал должен знать основные направления экономического и социального развития отрасли, перспективы, специализацию и особенности предприятия, специфику работы конкурентов, детали прохождения информации по подразделениям, знать кадровые проблемы и быть в курсе "подводных течений" в коллективе. 
 
Ключевые функции специалиста по защите информации: 
 
Проведение работ по установке и техническому обслуживанию средств защиты информации 
Проведение работ по установке и техническому обслуживанию защищенных технических средств обработки информации 
Производство, сервисное обслуживание и ремонт средств защиты информации 
Проведение контроля защищенности информации 
Разработка средств защиты информации 
Проектирование объектов в защищенном исполнении 
Проведение аттестации объектов на соответствие требованиям по защите информации 
Проведение сертификационных испытаний средств защиты информации на соответствие требованиям по безопасности информации 
Организация и проведение работ по технической защите информации', 'Специалист (инженер) по защите информации', 63);
INSERT INTO public.occupation (id, description, name, trajectory_id) VALUES (70, 'Деятельность инженера по информационной безопасности направлена на разработку, изготовление и эксплуатацию различных методов и инструментов защиты данных, обрабатываемых посредством компьютерных технологий. Специалист должен иметь глубокие технические знания, разбираться в актуальных компьютерных технологиях. 
 
Среди обязанностей инженера по информационно безопасности: обеспечение защиты передаваемых данных, а также обучение сотрудников правилам эксплуатации системы защиты, обновление программных пакетов и контроль системы доступа к информации. Инженер по информационной безопасности работает в государственных структурах, в банках, на крупных предприятиях, в финансовых холдингах и корпорациях, а также в налоговых и таможенных структурах.', 'Инженер по информационной безопасности', 63);
INSERT INTO public.occupation (id, description, name, trajectory_id) VALUES (72, 'Специалисты по информационной безопасности принимают непосредственное участие в создании системы защиты информации, ее аудите и мониторинге, анализируют информационные риски, разрабатывают и внедряют мероприятия по их предотвращению. В их компетенцию также входит установка, настройка и сопровождение технических средств защиты информации. Специалисты по безопасности обучают и консультируют сотрудников по вопросам обеспечения информационной защиты, разрабатывают нормативно-техническую документацию. Эта должность возникла на стыке двух направлений информационных технологий и технологий обеспечения безопасности. Без сотрудников по информационной безопасности сегодня не могут обойтись ни коммерческие структуры, ни ведомственные организации, такие как ФСБ.', 'Менеджер по информационной безопасности', 63);
INSERT INTO public.occupation (id, description, name, trajectory_id) VALUES (74, 'Киберследователь - специалист, который расследует киберпреступления. Отлично разбирается в криминалистике, проведении расследований, поиске подозреваемых. Обладает аналитическими навыками и умением программировать. По сути профессия киберследователя есть и сейчас, но в будущем потребность в таких специалистах значительно возрастет. Границы между виртуальностью и физическим миром постепенно размоются, а это значит, что общество в цифровом пространстве будет организовано примерно по тем же принципам, что и в реальности – включая государственные границы и контроль со стороны правительств. Профессия появится до 2020 г.', 'Киберследователь', 63);
INSERT INTO public.occupation (id, description, name, trajectory_id) VALUES (78, 'Специалист, который обеспечивает бесперебойность бизнес-процессов при возникновении проблем или отключении ИТ-систем предприятия вследствие кибератак, программных ошибок, техногенных катастроф, влияющих на работу Сети и других форс-мажорных ситуаций. Профессия появится после 2020 г.', 'Менеджер непрерывности бизнеса', 63);
INSERT INTO public.occupation (id, description, name, trajectory_id) VALUES (80, 'Медиаполицейский – специалист, который занимается обеспечением порядка и безопасности в медиасфере. Его задача – искать нарушения законодательства на медиаресурсах самостоятельно или при помощи специальных программ и инструментов. Сейчас в мире эту функцию частично выполняют различные организации, например, в России эта обязанность лежит на «Лиге безопасности Интернета» и Роскомнадзоре. Но в будущем злоупотребление информацией и киберпреступность будут расти, поэтому она выделится в отдельную профессию. Профессия появится до 2020 г.', 'Медиаполицейский', 63);
INSERT INTO public.occupation (id, description, name, trajectory_id) VALUES (82, 'Консультант по безопасности личного профиля - специалист по организации информационной безопасности пользователей в сети. Выступает в качестве консультанта клиента и осуществляет формирование безопасной среды для его профилей. По заказу клиента проверяет его информационный образ из всей доступной о нем информации, проводит аудит работы клиента в Сети на предмет выявления уязвимости, обеспечения конфиденциальности и общей безопасности, формирует информационный имидж клиента. Информационные технологии является одной из наиболее быстро развивающихся сфер. В ближайшие десять лет появятся технологии точного распознавания интернет-пользователей, что позволит отслеживать каждое их действие в Сети. Технологии из шпионских и фантастических фильмов станут реальностью, поэтому консультант по безопасности личного профиля станет очень востребованной специальностью. Профессия появится до 2020 г.', 'Консультант по безопасности личного профиля', 63);
INSERT INTO public.occupation (id, description, name, trajectory_id) VALUES (84, 'Занимается вопросами шифрования, в совершенстве владеет средствами автоматизации процессов криптографии. Осуществляет монтаж, установку (инсталляцию), наладку, обслуживание и передачу шифровальных (криптографических) средств. Сопровождает работу средств криптозащиты. Изготовливает и ведет учет ключей электронной подписи. 
 
Тип профессиональной среды по Голланду: 
 
Если инженер по криптозащите занимается разработками в области создания средств криптозащиты, такая работа относится к интеллектуальному типу профессиональной среды 
Если инженер по криптозащите занимается монтажом, установкой (инсталляцией), наладкой, обслуживанием и передачей шифровальных (криптографических) средств, то такая работа будет относиться к реалистичному типу профессиональной среды.', 'Инженер по криптозащите', 63);
INSERT INTO public.occupation (id, description, name, trajectory_id) VALUES (86, 'ИТ-аудитор - специалист, который является профессионалом в сфере разработки ПО. Занимается аудитом сложных ИТ-систем, обрабатывающих данные, и принимает на основе результатов решения, чтобы устранить риск ошибок и взломов. Профессия появится до 2020 г.', 'ИТ-аудитор', 63);
INSERT INTO public.occupation (id, description, name, trajectory_id) VALUES (88, 'Аналитик в области информационной безопасности (security researcher) выполняет анализ угроз и уязвимостей, исследование вредоносного кода, занимается реверс-инжинирингом и разработкой программного обеспечения в области информационной безопасности (IT Security). 
 
В обязанности аналитика в области безопасности входит: 
 
Анализ безопасности протоколов и программного обеспечения; 
Разработка средств проверки защищенности и концептов имитации атак; 
Разработка программного обеспечения на C/C++; разработка системного ПО (драйверов Windows, системных утилит и отдельных компонент). 
Участие в проектах по разработке ПО в области IT Security.', 'Аналитик в области информационной безопасности (security researcher)', 63);
INSERT INTO public.occupation (id, description, name, trajectory_id) VALUES (90, 'Дистанционный координатор безопасности - это оператор новых автоматизированных и роботизированных охранных систем, следящий за их состоянием через датчики и камеры наблюдения и в случае необходимости отправляющий на объект группу быстрого реагирования. Эта профессия является развитием профессии охранника и в дальнейшем постепенно заменяется полностью автоматизированными охранными системами. Профессия появится до 2020 г.', 'Дистанционный координатор безопасности', 63);
INSERT INTO public.occupation (id, description, name, trajectory_id) VALUES (92, 'Кибертехник умных сред – специалист, занимающийся нижними уровнями информационной инфраструктуры. Его задача - обеспечивать безопасность выделенных сегментов сети на этих уровнях. Эксперты полагают, что в будущем дома и предприятия будут отделены от Интернета в свой безопасный сегмент, связанный общей сетью через безопасные низкоуровневые соединения. Ожидается, что профессия кибертехника будет весьма востребованной. Профессия появится после 2020 г.', 'Кибертехник умных сред', 63);
INSERT INTO public.occupation (id, description, name, trajectory_id) VALUES (94, 'Системный программист, в отличие от прикладного, занимается программированием программ, которые предназначены для обеспечения работы компьютера и используются другими компьютерными специалистами. Системные программисты — разрабатывают операционные системы и оболочки для баз данных, а также решают другие подобные задачи. 
 
Его задача – выстроить многоуровневую структуру, которая объединит отдельные компоненты в модули, а модули – в единый организм компьютера или компьютерную сеть.', 'Системный программист', 63);
INSERT INTO public.occupation (id, description, name, trajectory_id) VALUES (97, 'Инженеры по НИОКР (по исследованиям и разработкам, R&D) разрабатывают новые продукты или технические процессы в проектах и подпроектах или проводят дальнейшую разработку уже существующих продуктов и процессов. Они работают в научно-исследовательских институтах и в промышленности. 
 
В задачи инженера по R&D входит проектирование и тестирование новых, наукоемких технических продуктов и процессов. В фундаментальных исследованиях они разрабатывают решения в рамках проблематики, в прикладных исследованиях рассматривают возможные решения с точки зрения их технической и экономической целесообразности. Инженеры по исследованиям и разработкам выбирают материалы, собирают компоненты и создают прототипы. Они также тестируют новые разработки и создают документацию для проектирования, производства, маркетинга и продаж. В управлении проектами они планируют работу, руководят сотрудниками, контролируют встречи и бюджет и, при необходимости, оказывают поддержку клиентам.', 'Инженер по НИОКР (по исследованиям и разработкам, R&D)', 96);
INSERT INTO public.occupation (id, description, name, trajectory_id) VALUES (99, 'Инженер технической поддержки в области связи (телекоммуникаций) занимается технической поддержкой пользователей услугами связи и телекоммуникаций. Его основная задача - обеспечение надежной и качественной работы оборудования связи (телекоммуникаций). 
 
Функции инженера технической поддержки в области связи (телекоммуникаций). 
 
1. Сбор, распределение и контроль выполнения заявок на техподдержку: 
 
Регистрация и обработка обращений абонентов 
Контроль выполнения заявок на техническую поддержку оборудования 
Работа с информационными системами и базами данных. 
  
 
2. Мониторинг состояния сети и координация устранения неисправностей 
 
Техническая поддержка контакт-центров, решений IP-телефонии унифицированных телекоммуникаций различных производителей 
Проверка качества предоставляемых услуг 
Сбор, анализ и обработка статистической информации по работе с телекоммуникационным оборудованием. 
  
 
3. Установка, настройка и обслуживание программного обеспечения телекоммуникационного оборудования: 
 
Установка и настройка программного обеспечения телекоммуникационного оборудования 
Устранение неполадок в работе сетевых сервисов и телефонии. 
  
 
4. Выполнение работ по обеспечению функционирования телекоммуникационного оборудования корпоративных сетей: 
 
Администрирование корпоративных сетей 
Протоколирование работы телекоммуникационного оборудования 
Конфигурирование телекоммуникационного оборудования и телефонии для вновь создаваемых узлов сети 
Мониторинг корпоративных сетей 
Информационная поддержка региональных специалистов по коммуникационному оборудованию и сетевым технологиям.', 'Инженер технической поддержки в области связи (телекоммуникаций)', 96);
INSERT INTO public.occupation (id, description, name, trajectory_id) VALUES (102, 'Радиомеханик занимается сборкой, монтажем, ремонтом, настройкой и регулировкой сложных приборов, узлов и блоков радиоэлектронной и радиотелевизионной аппаратуры, приемных телевизионных антенн. 
 
Современная электронная аппаратура: телевизоры, радиоприемники, магнитофоны, электропроигрыватели, - прочно внедрились в наш быт, обеспечивая культурный досуг людей всех возрастов и профессий. Как и любой прибор или аппарат она требует соответствующего уровня обслуживания, а при необходимости, и ремонта. Этим занимаются высококвалифицированные специалисты - радиомеханики. 
 
Радиомеханик устанавливает и настраивает телевизоры с цветным и черно-белым изображением, разбирает, собирает, чистит радиоаппаратуру, выявляет и устраняет дефекты, модернизирует узлы и блоки, ремонтирует комнатные антенны и т. д. 
 
Виды профессиональной деятельности радиомеханика: 
  
1. Выполнение работ по монтажу узлов и элементов радиоэлектронной и радиотелевизионной аппаратуры. 
Выполнять работы по монтажу узлов и элементов радиоэлектронной аппаратуры. 
Выполнять работы по монтажу узлов и элементов радиотелевизионной аппаратуры. 
Составлять электрические схемы соединений. 
Контролировать качество монтажа. 
Изготавливать сложные шаблоны по монтажным и принципиальным схемам с составлением таблиц укладки проводов. 
  
2. Инсталляция, регулировка, настройка и техническое обслуживание радиоэлектронной аппаратуры. 
Определять места установки элементов, узлов и блоков радиоэлектронной аппаратуры, радиостанций, радиоустройств и других приборов. 
Макетировать схемы различной степени сложности. 
Осуществлять тестовую проверку, профилактический осмотр, регулировку, техническое обслуживание и ремонт узлов и блоков радиоэлектронной аппаратуры. 
Использовать информационные технологии как средство технологического процесса настройки и технического обслуживания радиоэлектронной аппаратуры. 
Осуществлять настройку мультимедиа-технологий. 
  
3. Инсталляция, регулировка, настройка и техническое обслуживание радиотелевизионной аппаратуры. 
Определять места установки элементов, узлов и блоков радиотелевизионной аппаратуры, приемных телевизионных антенн и других приборов. 
Осуществлять тестовую проверку, профилактический осмотр, регулировку, техническое обслуживание и ремонт узлов и блоков радиотелевизионной аппаратуры. 
Использовать информационные технологии как средство технологического процесса настройки радиотелевизионной аппаратуры. 
  
 
Варианты названия должностей: 
 
радиомеханик по обслуживанию и ремонту радиотелевизионной аппаратуры - радиомонтер приемных телевизионных антенн; 
радиомеханик по ремонту радиоэлектронного оборудования - радиомонтер приемных телевизионных антенн.', 'Радиомеханик', 96);
INSERT INTO public.occupation (id, description, name, trajectory_id) VALUES (105, 'Инженер-системотехник обеспечивает поддержание целостности структуры сети, обслуживание ее сегментов и обслуживание и ремонт каждого отдельного компьютера (установка операционной системы, других программных компонентов, ремонт вышедших из строя деталей). Инженер-системотехник - это ведущий специалист в сфере формирования и использования компьютерных информационных систем и технологий. Инженеры-системотехники должны осуществлять исследовательскую, методическую и методологическую деятельности. Главное, чем должен владеть специалист, - умение применять все полученные знания для решения двух основных системотехнических задач: управления процессом создания сложной системы и обеспечение интеграции частей этой системы в единое целое. 
 
Инженер-системотехник работает в сфере автоматизации систем управления в производственных и технологических компаниях и решает следующие задачи: настройка, конфигурирование программного обеспечения программного-технического комплекса под конкретный объект автоматизации, тестирование программного обеспечения, проведение пусконаладочных работ систем АСУ ТП, разработка схемотехнических решений шкафов автоматизации (в том числе подбор оборудования), другой сложной техники. 
 
Тип профессиональной среды по Голланду: 
 
Если инженер-системотехник занимается исследованиями, разработками в сфере автоматизации систем управления, такая работа относится к интеллектуальному типу профессиональной среды 
Если инженер-системотехник занимается обслуживанием средств автоматизации управления, программного обеспечения, то такая работа будет относиться к реалистичному типу профессиональной среды.', 'Инженер-системотехник', 96);
INSERT INTO public.occupation (id, description, name, trajectory_id) VALUES (108, 'Инженер электронной техники занимается исследованием, разработкой и эксплуатацией современных промышленных электронных устройств для преобразования информации в энергию, а также электронных устройств для технологических целей. Должен знать: физику полупроводниковых приборов, теорию и методы расчета электронных схем, методы применения электронных схем и микропроцессорных устройств. 
 
Тип профессиональной среды по Голланду: 
 
Если инженер электронной техники занимается исследованиями, разработками в области электронной техники, проектированием электронных устройств, такая работа относится к интеллектуальному типу профессиональной среды 
Если инженер электронной техники занимается ремонтом, эксплуатацией и обслуживанием современных промышленных электронных устройств, то такая работа будет относиться к реалистичному типу профессиональной среды.', 'Инженер электронной техники', 96);
INSERT INTO public.occupation (id, description, name, trajectory_id) VALUES (110, 'Радиомеханик по обслуживанию и ремонту радиотелевизионной аппаратуры это рабочий, который выполняет работы по разборке, сборке, чистке телевизоров, радиоприемников, магнитофонов, электропроигрывающих устройств и другой радиоаппаратуры. 
 
В зависимости от разряда радиомеханик по обслуживанию и ремонту радиотелевизионной аппаратуры может выполнять простые или более сложные работы: 
 
Разборка, сборка, чистка телевизоров, радиоприемников, магнитофонов, электропроигрывающих устройств и другой радиоаппаратуры не выше 2 класса. Проверка радиоламп на испытателе ламп. Ремонт комнатной телевизионной антенны. Замена предохранителя в радиотелеаппаратуре, ремонт штекера, ручек управления, устранение плохих контактов блокировки, замена и ремонт шнура питания со штепсельной вилкой, снятие и установка кинескопа телевизоров не выше 3 класса, блоков, переключателей телевизионных программ (ПТП) и переключателей телевизионных каналов (ПТК) антенного ввода. Выявление причин неисправностей и ремонт однопрограммных радиотрансляционных громкоговорителей, электропроигрывающих устройств (ЭПУ) без автостопа. 
Установка черно-белых телевизоров всех классов. Проверка полупроводниковых приборов (транзисторов, диодов и т.п.) на испытателях. Выявление причин неисправностей в ламповых черно-белых телевизорах не выше 2 класса и производство ремонтов, не связанных с устранением непериодических дефектов, заменой и настройкой контуров, заменой и ремонтом печатных плат, галетных, клавишных (кнопочных) переключателей и устранением сложных дефектов в цепях автоматических регулировок (автоматической регулировки усилия, автоматической подстройки частоты гетеродина и др.). Выявление причин неисправностей, ремонт ламповых радиоприемников и радиол 4 и 3 классов и магнитофонов 4 класса, электрофонов и ЭПУ всех типов (кроме стереофонических), трехпрограммных радиотрансляционных громкоговорителей и т.д. 
Выявление причин неисправностей в ламповых 1 класса и лампово-полупроводниковых черно-белых телевизорах всех классов и производство ремонтов, не связанных с устранением непериодических дефектов и настройкой. Участие в работе по установке и ремонту цветных телевизоров. Выявление причин неисправностей, ремонт, регулирование и настройка ламповых и транзисторных радиоприемников и радиол не выше 2 класса, магнитофонов 3 и 2 классов и транзисторных магнитофонов 3 класса, стереофонических электрофонов, стереофонических ЭПУ, антенных усилителей. 
Выявление причин неисправностей и производство работ по устранению непериодических неисправностей и настройке черно-белых ламповых и лампово-полупроводниковых телевизоров всех классов. Установка цветных телевизоров. Выявление причин неисправностей и производство работ по ремонту и настройке цветных и черно-белых полупроводниковых телевизоров, конвертеров дециметрового диапазона, ламповых и транзисторных радиоприемников и радиол 1 и высшего классов, стереофонических, автомобильных приемников всех типов, магнитофонов ламповых и транзисторных 2 и 1 классов. Работа по модернизации узлов и блоков радиотелевизионной аппаратуры.', 'Радиомеханик по обслуживанию и ремонту радиотелевизионной аппаратуры', 96);
INSERT INTO public.occupation (id, description, name, trajectory_id) VALUES (112, 'Работает в сфере разработки, отладки и эксплуатации радиоэлектронной аппаратуры, промышленной и бытовой электроники. В обязанности инженера-электронщика входит: проектирование и участие в изготовлении опытных образцов функциональных блоков и устройств, их настройка и проведение испытаний, проектирование печатных плат, разработка и отладка измерительных стендов, контроль электрических параметров изготовленных электронных устройств, их модернизация, разработка сопроводительной документации в соответствии с ЕСКД. Для успешной работы требуется знание аналоговой схемотехники, программ САПР (P-CAD, altium), навыки работы с КИПиА, макетирования. 
 
Тип профессиональной среды по Голланду: 
 
Если инженер-электронщик занимается исследованиями, разработками, проектированием в области промышленной и бытовой электроники, такая работа относится к интеллектуальному типу профессиональной среды 
Если инженер-электронщик занимается ремонтом, эксплуатацией и обслуживанием электроники, то такая работа будет относиться к реалистичному типу профессиональной среды.', 'Инженер-электронщик', 96);
INSERT INTO public.occupation (id, description, name, trajectory_id) VALUES (114, 'Инженер телекоммуникаций специализируется на современных системах телекоммуникаций, занимается проектированием и построением информационных сетей различного направления (мобильные, спутниковые, системы оптического диапазона и др.). Инженер телекоммуникаций также может заниматься установкой, пусконаладкой и эксплуатацией телекоммуникационного оборудования, отвечать за качество предоставляемых услуг связи, за безопасность работы оборудования и предоставления услуг населению.Тип профессиональной среды по Голланду: 
 
Если инженер телекоммуникаций занимается исследованиями, разработками в области телекоммуникаций, проектированием информационных сетей, такая работа относится к интеллектуальному типу профессиональной среды 
Если инженер телекоммуникаций занимается ремонтом, эксплуатацией, пусконаладкой телекоммуникационного оборудования, то такая работа будет относиться к реалистичному типу профессиональной среды.', 'Инженер телекоммуникаций', 96);
INSERT INTO public.occupation (id, description, name, trajectory_id) VALUES (116, 'Занимается программированием, обслуживанием, ремонтом и наладкой электронной части оборудования на производстве и в IT отрасли. В обязанности инженера-электроника входит программирование микроконтроллеров, составление заявок на запасные части к электронному оборудованию, работа с технической документацией. 
 
Тип профессиональной среды по Голланду: 
 
Если инженер-электроник занимается исследованиями, разработками в области электроники, проектированием электроники, такая работа относится к интеллектуальному типу профессиональной среды 
Если инженер-электроник занимается производственными процессами, ремонтом, эксплуатацией и обслуживанием электроники, то такая работа будет относиться к реалистичному типу профессиональной среды.', 'Инженер-электроник', 96);
INSERT INTO public.occupation (id, description, name, trajectory_id) VALUES (119, 'Аудитор комплексной безопасности в промышленности - это специалист, оценивающий состояние безопасности на уже имеющемся объекте, причем рассматривает все виды угроз: механические повреждения, пожары, экологические угрозы, кибератаки и т. д. Профессия появится до 2020 г.', 'Аудитор комплексной безопасности в промышленности', 96);
INSERT INTO public.occupation (id, description, name, trajectory_id) VALUES (121, 'Инженер-схемотехник – это специалист, работающий в области разработки и обслуживания электроники и радоэлектронной аппаратуры. Он занимается разработкой схемотехнических решений, печатных плат, осуществляет техническое сопровождение изготовления опытных образцов, отладка и настройка, готовит и согласует TЗ, составляет техническую документацию на изделие согласно нормам ЕСКД. 
 
Тип профессиональной среды по Голланду: 
 
Если инженер-схемотехник занимается исследованиями, разработками в области электроники, проектированием электроники и радоэлектронной аппаратуры, такая работа относится к интеллектуальному типу профессиональной среды 
Если инженер-схемотехник занимается ремонтом, эксплуатацией и обслуживанием электроники и радоэлектронной аппаратуры, то такая работа будет относиться к реалистичному типу профессиональной среды.', 'Инженер-схемотехник', 96);
INSERT INTO public.occupation (id, description, name, trajectory_id) VALUES (123, 'Инженер-радиоэлектронщик занимается разработкой, проектированием, исследованием и эксплуатацией радиоэлектронных средств и радиоэлектронных систем различного назначения. Главная задача инженера-радиоэлектронщика - создание и совершенствование методов и средств преобразования информации, обмена информацией на расстоянии с помощью радиоэлектронных средств и технологий, обеспечивающих передачу, излучение и прием передаваемой информации по сетям радиосвязи различного назначения. 
 
Функции инженера-радиоэлектронщика. 
 
1. Производство, внедрение и эксплуатация радиоэлектронных средств и радиоэлектронных систем различного назначения: 
 
Наладка, настройка, регулировка и испытания радиоэлектронных средств и оборудования 
Тестирование, обслуживание и обеспечение бесперебойной работы радиоэлектронных средств и радиоэлектронных систем различного назначения 
Подготовка документации на ремонт радиоэлектронного оборудования, контроль технического состояния оборудования, поступившего из ремонта 
Организация профилактических работ на радиоэлектронном оборудовании 
Инвентаризация радиоэлектронных средств и вспомогательного оборудования 
Обеспечение организационно-методической базы для обслуживания радиоэлектронных средств и оборудования. 
  
 
2. Разработка и проектирование радиоэлектронных средств и радиоэлектронных систем различного назначения: 
 
Разработка и согласование технических заданий на проектирование технических условий, программ и методик испытаний радиоэлектронных устройств и систем 
Разработка структурных и функциональных схем радиоэлектронных систем и комплексов, принципиальных схем устройств с использованием средств компьютерного проектирования, проведением проектных расчетов и технико -экономическим обоснованием принимаемых решений 
Подготовка конструкторской и технической документации, включая инструкции по эксплуатации, программы испытаний и технические условия 
Наладка, испытания и сдача в эксплуатацию опытных образцов радиоэлектронных устройств и систем. 
  
 
3. Проведение исследований в целях совершенствования радиоэлектронных средств и радиоэлектронных систем различного назначения: 
 
Анализ научно -технической проблемы на основе подбора и изучения литературных и патентных источников 
Математическое и компьютерное моделирование радиоэлектронных устройств и систем с целью оптимизации (улучшения) их параметров 
Разработка методов приема, передачи и обработки сигналов, обеспечивающих рост технических характеристик радиоэлектронной аппаратуры 
Проведение аппаратного макетирования и экспериментальных работ по проверке достижимости технических характеристик, планируемых при проектировании радиоэлектронной аппаратуры 
Контроль соответствия разрабатываемых проектов и технической документации.', 'Инженер-радиоэлектронщик', 96);
INSERT INTO public.occupation (id, description, name, trajectory_id) VALUES (126, 'Инженер по автоматизации и механизации производственных процессов создает и обеспечивает эксплуатацию, ремонт и обслуживание технических систем и оборудования для автоматизации производственных процессов. Ему необходимо ориентироваться в самой структуре предприятия, на которой он трудится. Чтобы работа проходила в соответствии с правилами эксплуатации механизмов, инженер должен знать технологию производства продукции предприятия, требования разработок и патентных исследований. С этими знаниями инженер подготавливает и оформляет техническую документацию. Прежде чем внедрить на производство новые средства автоматизации и механизации, инженер изучает её экономическую эффективность. Область автоматизации и механизации производственных процессов не стоит на месте, а постоянно развивается. Передовой отечественный и зарубежный опыт постоянно укрепляется новыми знаниями и разработками.', 'Инженер по автоматизации и механизации производственных процессов', 96);
INSERT INTO public.occupation (id, description, name, trajectory_id) VALUES (128, 'Инженер-конструктор радиоэлектронной аппаратуры решает прикладные задачи в различных областях техники: создает электрические схемы, платы, устройства. Его мозг работает, как компьютер: он просчитывает сложные математические задачи, раскладывает их на составляющие и получает в итоге чертежи, схемы, техническую документацию. 
 
Инженеры-конструкторы, занимающиеся электрическими схемами, должны разработать и правильно рассчитать схему устройства, которое будет выполнять требуемые функции, управлять приводами, приборами и прочими исполнительными устройствами. Если необходимо, инженер-конструктор должен уметь разработать программное обеспечение для проектируемой электроники. Быстрый прогресс в области электротехники и электроники делает профессию инженера-конструктора радиоэлектронной аппаратуры постоянно востребованной, а ее обладателю гарантирует непрерывное профессиональное развитие.', 'Инженер-конструктор радиоэлектронной аппаратуры', 96);
INSERT INTO public.occupation (id, description, name, trajectory_id) VALUES (130, 'Производит наладку механических и электромеханических устройств станков с ПУ, захватов промышленных манипуляторов (роботов), устанавливает технологическую последовательность обработки деталей, выявляет неисправности в работе и оборудования. Для работы необходимо знать способы и правила наладки механических и электромеханических систем обслуживаемого оборудования, устройство станков и манипуляторов с ПУ, правила проверки станков и отдельных механизмов на точность, основы электротехники, электроники, гидравлики и программирования в пределах выполняемой работы, правила, чтения режимно-технологических карт обработки деталей, систему допусков и посадок, классы точности и чистоты обработки.', 'Наладчик станков с ЧПУ', 96);
INSERT INTO public.occupation (id, description, name, trajectory_id) VALUES (132, 'Инженер АСУ ТП занимается автоматизацией контроля и управления различными процессами, проектированием устройств управления, разработкой алгоритмов управления. Он выполняет полный комплекс работ в части наладки, ввода в эксплуатацию, сопровождения АСУТП. Работа состоит в настройке/конфигурировании программного обеспечения программного-технического комплекса под конкретный объект автоматизации, проведении пусконаладочных работ систем АСУ ТП, разработке схемотехнических решений шкафов автоматизации (в том числе подбор оборудования).', 'Инженер АСУ ТП (специалист АСУ ТП)', 96);
INSERT INTO public.occupation (id, description, name, trajectory_id) VALUES (134, 'Этот инженер проектирует или обслуживает технику, которая и позволяет запустить ракету с космодрома или управлять полетом спутника или космического аппарата. Многие инженеры этой специализации работают над тем, чтобы через спутники миллионы землян получали доступ в Интернет, смотрели на экранах телевизоров спутниковое телевидение, могли подать сигнал бедствия с помощью спутникового телефона или просто связаться с родными на другой стороне земного шара. Это и есть работа инженеров по спутниковым коммуникациям. Разные ее фрагменты изучают почти все будущие радиоинженеры и связисты. 
 
Потенциальный покоритель космического радиоэфира должен знать основы связи, теорию космических радиолиний, теорию и практику антенн космической связи, приемную и передающую аппаратуру, принципы построения радиосетей передачи данных, систем управления. А кроме того – неплохо разбираться в распространении радиоволн и знать требования к бортовой и наземной радиоаппаратуре.', 'Инженер по спутниковым коммуникациям', 96);
INSERT INTO public.occupation (id, description, name, trajectory_id) VALUES (136, 'В обязанности инженера контрольно-измерительных приборов и автоматики входит монтаж различных контрольно-измерительных приборов, программирование контроллеров, настройка компьютерной техники, наладка автоматизированных систем управления и их сопровождение, выбор поставщиков и необходимого оборудования, внедрение новых технологий и оборудования, проведение производственных испытаний. 
 
Он также осуществляет техническое обслуживание КИП и автоматики системы управления технологическим процессом, системы пожарной и газовой сигнализации и прочих КИП, а также хранение, обновление и ведение статистических данных по оборудованию. Он является ответственным за обеспечение правильного функционирования и технического обслуживания всех систем безопасности в соответствии с требованиями.', 'Инженер КИПиА', 96);
INSERT INTO public.occupation (id, description, name, trajectory_id) VALUES (138, 'Инженер-технолог по качеству - это специалист, в обязанности которого входит проектирование, организация, внедрение, контроль и сопровождение процессов качества выпускаемой продукции. В его обязанности также может входить контроль качества сырья, расходных материалов, аудит поставщиков. Инженер-технолог по качеству внедряет на производтсве системы менеджмента качества, совершенствует производственные технологические процессы. 
 
Он может работать в различных отпаслях промышленного производства машиностроении, металлургической, нефтедобывающей промышленности или легкой и пищевой промышленности. Конкретную отрасль определяет специальность, полученная в вузе.', 'Инженер-технолог по качеству', 96);
INSERT INTO public.occupation (id, description, name, trajectory_id) VALUES (141, 'Этот инженер проектирует или обслуживает технику, которая и позволяет запустить ракету с космодрома или управлять полетом спутника или космического аппарата. Многие инженеры этой специализации работают над тем, чтобы через спутники миллионы землян получали доступ в Интернет, смотрели на экранах телевизоров спутниковое телевидение, могли подать сигнал бедствия с помощью спутникового телефона или просто связаться с родными на другой стороне земного шара. Это и есть работа инженеров по спутниковым коммуникациям. Разные ее фрагменты изучают почти все будущие радиоинженеры и связисты. 
 
Потенциальный покоритель космического радиоэфира должен знать основы связи, теорию космических радиолиний, теорию и практику антенн космической связи, приемную и передающую аппаратуру, принципы построения радиосетей передачи данных, систем управления. А кроме того – неплохо разбираться в распространении радиоволн и знать требования к бортовой и наземной радиоаппаратуре.', 'Инженер по спутниковым коммуникациям', 96);
INSERT INTO public.occupation (id, description, name, trajectory_id) VALUES (143, 'Организует работу по рационализации и изобретательству; принимает рационализаторские предложения и оформляет заявки на изобретения, оказывает помощь рационализаторам и изобретателям в разработке чертежей, выполнении расчетов, изготовлении и испытании опытных образцов; контролирует внедрение рационализаторских предложений в производство, правильность оформления документации и расчета авторских вознаграждений.', 'Инженер по рационализации и изобретательству', 96);
INSERT INTO public.occupation (id, description, name, trajectory_id) VALUES (145, 'Радиотехник - это специалист по проектированию, сборке, настройке и эксплуатации радиотехнических устройств. Специалист отвечает за сборку радиотехнических приборов и систем, занимается их настройкой, подготовкой технической документации. Радиотехники создают новые модели, рассчитывают их стоимость, затем проектируют и производят.', 'Радиотехник', 96);
INSERT INTO public.occupation (id, description, name, trajectory_id) VALUES (147, 'Современный инженер - это специалист, обладающий высокой культурой и хорошо знающий современную технику и технологии, экономику и организацию производства, умеющий пользоваться инженерными методами при решении инженерных задач и в то же время обладающий способностью к изобретательству. Конкретные задачи инженерного труда и требования профессии зависят от того, к какой профессиональной группе она принадлежит.', 'Инженер', 96);
INSERT INTO public.occupation (id, description, name, trajectory_id) VALUES (149, 'Технолог полиграфического производства занимается организацией поставок расходных материалов, оборудования, программного обеспечения, необходимых в производстве. Он следит за тем, чтобы свойства поставляемых материалов соответствовали стандартам и требованиям. Этот специалист контролирует каждый этап производства, проверяет продукцию на наличие брака. В своей работе он применяет знания технологических процессов изготовления полиграфической продукции, технических характеристик оборудования.', 'Технолог полиграфического производства', 96);
INSERT INTO public.occupation (id, description, name, trajectory_id) VALUES (151, 'Инженер-конструктор - это большая группа профессий, предполагающая создание, разработку конструкций машин, механизмов, оборудования, транспорта и другой техники. Все конструкторы, на чем бы они не специализиовались, используют в своей работе системы автоматизированного проектиования (САПР), разрабатывают чертежи, техническую и нормативную документацию для передачи ее технологам и запуска в производство. Конструктор участвует в выборе материалов и комплектующих, согласует выбор технологических процессов, оснастки и оборудования. В ходе подготовки производства к выпуску изделия, конструктор ведет проект, осуществляет авторский надзор, совершенствует конструкцию и адаптирует ее к технологическим возможностям производства. 
 
Будни конструктора — разработка технологических схем, расчеты и чертежи узловых элементов и деталей механизмов. Но работа не заканчивается на стадии проектирования и расчетов. Слабые места конструкции выявляются на испытаниях. С помощью специальной диагностической аппаратуры конструктор может протестировать, например, летные характеристики самолета в сотрудничестве с испытателями техники.', 'Инженер-конструктор', 96);
INSERT INTO public.occupation (id, description, name, trajectory_id) VALUES (153, 'Инженер по наноэлектронике (специалист по наноэлектронике) занимается исследованиями и разработкой микроэлектроники, наносистемной техники, интегральных микросхем и полупроводниковых приборов с топологической нормой менее 100 нм.', 'Инженер по наноэлектронике (специалист по наноэлектронике)', 96);
INSERT INTO public.occupation (id, description, name, trajectory_id) VALUES (155, 'Проектирует станции и узлы связи; системы передачи аналоговой и дискретной информации; разрабатывает структурные и принципиальные схемы сетей связи; проводит пусконаладочные и ремонтные работы; осуществляет контроль и диагностику оборудования; рассчитывает эффективность внедряемых решений.', 'Инженер связи', 96);
INSERT INTO public.occupation (id, description, name, trajectory_id) VALUES (157, 'Инженер ВОЛС (волоконно-оптических линий связи) занимается проектированием и строительством ВОЛС, сетей связи и систем коммутации,  оптических приборов и систем, обеспечивает исправное состояние и бесперебойную работу активного и пассивного оборудования волоконно-оптических линий связи телекоммуникационных систем, АСУ ТП, инфраструктуры и комплекса устройств телемеханики. 
 
В его обязанности также входит техническое обслуживание и ремонт оборудования, поиск и устранение неисправностей, анализ их возникновения, ведение технической и отчетной документации. 
 
Для выполнения своих обязанностей инженер ВОЛС должен знать теоретические основ электроники и электротехники, свободно чтать принципиальные электрические схемы, владеть персональным компьютером, знать современные нормативные документы по системам связи, принципы построения систем связи, основы прокладки и монтажа оборудования ВОЛС, уметь проводить измерения параметров и характеристик ВОЛС, знать правила электробезопасности.', 'Инженер ВОЛС', 96);
INSERT INTO public.occupation (id, description, name, trajectory_id) VALUES (159, 'Специалист по телекоммуникациям относится к категории специалистов среднего звена, которые занимаются инсталляцией, диагностикой, демонтажом и проведением регламентных работ на телекоммуникационном оборудовании. 
 
В его обязанности также входит: 
 
Текущая эксплуатация и техобслуживание оборудования коммутационной подсистемы и другого сопутствующего сетевого и серверного оборудования и сетевых платформ в целях поддержания показателей качества работы коммутационной подсистемы в пределах нормативных значений 
Мониторинг работы оборудования, анализ статистических данных о работе сети, разработка предложений по оптимизации в целях обеспечения высокого качества сервиса, предоставляемого абонентам, оптимального использования ресурсов оборудования 
Регистрация в сети новых сетевых элементов и кодов 
Внесение изменений в маршрутизацию сигнального и голосового трафика на оборудовании коммутационных подсистем и сетевых платформ 
Актуализация схем организации связи 
Обнаружение, анализ и диагностика неисправностей 
Сбор и анализ статистики аварийных сообщений от всех сетевых элементов, выяснение причин их возникновения, ведение отчетности по аварийным ситуациям 
Контроль баз данных и администрирование оборудования коммутационной подсистемы', 'Специалист по телекоммуникациям', 96);
INSERT INTO public.occupation (id, description, name, trajectory_id) VALUES (161, 'Работает на промышленных и эксплуатационных предприятиях, в конструкторских, проектных и научных организациях. Выполняет схемотехническое и конструкторское проектирование радиоэлектронных устройств, разрабатывает радиоаппаратуру. Производит расчеты, связанные с выбором значений параметров элементов в конструкциях создаваемых приборов, определяет основные характеристики и показатели работы устройств. Проектирует антенны и устройства сверхвысоких частот, проводит теоретические и экспериментальные исследования радиоэлектронных устройств и их узлов, выполняет электрорадиотехнические измерения. Участвует в разработке макетов и образцов новых приборов и устройств, в настройке и испытаниях радиоаппаратуры в производственных и эксплуатационных условиях. Планирует и организует техническую эксплуатацию радиоэлектронной аппаратуры, оборудования и приборов, осуществляет их наладку и регулировку, разрабатывает и внедряет мероприятия по предупреждению и ликвидации отказов и неисправностей. 
 
Тип профессиональной среды по Голланду: 
 
Если радиоинженер занимается исследованиями, разработками в области радиотехники, проектированием радиоаппаратуры и радиоэлектронные устройства, такая работа относится к интеллектуальному типу профессиональной среды 
Если радиоинженер занимается ремонтом, эксплуатацией и обслуживанием радиотехники и радоэлектронной аппаратуры, то такая работа будет относиться к реалистичному типу профессиональной среды', 'Радиоинженер', 96);
INSERT INTO public.occupation (id, description, name, trajectory_id) VALUES (163, 'Инженер-радиотехник занимается проектированием радиоаппаратуры и ее деталей, а также выполняет исследования в данной сфере. Для работы важно высшее профильное образование, хорошее знание радиотехники. Что касается личных качеств, то это техническое мышление, внимательность, усидчивость, ответственность и исполнительность. 
 
Инженер-радиотехник работает в сфере производства радиоэлектронных приборов и их составных элементов, а также выполняет разработку деталей и аппаратов. Другим направлением работы специалиста является проведение исследований в сфере радиотехники с учетом прогресса отрасли. Кроме того, инженер-радиотехник может выполнять работу по техническому обслуживанию охранных систем, сигнализаций и радиоэлектронных приборов. 
 
Специалист может устроиться на работу в сервисные компании, на производства, изготавливающие радиотехническое оборудование, а также в научно-исследовательские институты и конструкторские бюро.', 'Инженер-радиотехник', 96);
INSERT INTO public.occupation (id, description, name, trajectory_id) VALUES (165, 'Радиофизик занимается проектированием и технологическим сопросвождением производства радиоэлектронной аппаратуры и аппаратуры связи. Может работать в качестве конструктора или технолога на предприятии радиоэлектронной промышленности. В научных учреждениях радиофизики занимаются исследовательской работой, конструируют различные элементы и узлы электронных устройств. В его компетенцию входит работа над микросхемами с перспективой развития микроэлектроники. Исследовательская работа радиофизика – это конструирование новых образцов техники с привлечением знаний о физических явлениях и эффектах, новых открытиях в микроэлектронике и микропроцессорной технике.', 'Радиофизик', 96);
INSERT INTO public.occupation (id, description, name, trajectory_id) VALUES (167, 'Инженер-проектировщик в области связи (телекоммуникаций) занимается проектированием систем связи (телекоммуникаций). Его главная задача создание условий для обмена информацией на расстоянии, ее обработки и хранения, в том числе технологические системы и технические средства, обеспечивающие надежную и качественную передачу, прием, обработку и хранение различных знаков, сигналов, письменного текста, изображений, звуков по проводной, радио, оптической системам. 
 
Функции инженера-проектировщика в области связи и телекоммуникаций. 
 
1. Проектирование объектов и систем связи, телекоммуникационных систем: 
 
Предпроектная подготовка и разработка системного проекта объекта (системы) связи, телекоммуникационной системы 
Разработка технического и рабочего проекта объекта (системы) связи, телекоммуникационной системы 
Осуществление авторского надзора за соблюдением утвержденных проектных решений. 
  
 
2. Проектирование систем подвижной радиосвязи: 
 
Проектирование систем станций подвижной радиосвязи 
Проектирование транспортной сети подвижной радиосвязи.', 'Инженер-проектировщик в области связи (телекоммуникаций)', 96);
INSERT INTO public.occupation (id, description, name, trajectory_id) VALUES (169, 'Специалист по радиосвязи и телекоммуникациям занимается эксплуатацией и развитием систем радиосвязи и телекоммуникационных систем. Его главная задача - обеспечение эксплуатации и развития систем радиосвязи и телекоммуникационных систем, включая коммутационные подсистемы и сетевые платформы, сети радиодоступа, транспортные сети и сети передачи данных, спутниковые системы связи. 
 
Ключевые функции специалиста по радиосвязи и телекоммуникациям: 
 
Текущая эксплуатация и техобслуживание оборудования коммутационной подсистемы и другого сопутствующего сетевого и серверного оборудования и сетевых платформ в целях поддержания показателей качества работы коммутационной подсистемы в пределах нормативных значений 
Мониторинг работы оборудования, анализ статистических данных о работе сети, разработка предложений по оптимизации в целях обеспечения высокого качества сервиса, предоставляемого абонентам, оптимального использования ресурсов оборудования 
Регистрация в сети новых сетевых элементов и кодов 
Внесение изменений в маршрутизацию сигнального и голосового трафика на оборудовании коммутационных подсистем и сетевых платформ 
Актуализация схем организации связи 
Обнаружение, анализ и диагностика неисправностей 
Сбор и анализ статистики аварийных сообщений от всех сетевых элементов, выяснение причин их возникновения, ведение отчетности по аварийным ситуациям 
Контроль баз данных и администрирование оборудования коммутационной подсистемы.', 'Специалист по радиосвязи и телекоммуникациям', 96);


--
-- TOC entry 2868 (class 0 OID 46552)
-- Dependencies: 200
-- Data for Name: occupation_major; Type: TABLE DATA; Schema: public; Owner: postgres
--

INSERT INTO public.occupation_major (occupation_id, major_id) VALUES (2, 3);
INSERT INTO public.occupation_major (occupation_id, major_id) VALUES (2, 4);
INSERT INTO public.occupation_major (occupation_id, major_id) VALUES (2, 5);
INSERT INTO public.occupation_major (occupation_id, major_id) VALUES (7, 5);
INSERT INTO public.occupation_major (occupation_id, major_id) VALUES (9, 3);
INSERT INTO public.occupation_major (occupation_id, major_id) VALUES (11, 4);
INSERT INTO public.occupation_major (occupation_id, major_id) VALUES (13, 3);
INSERT INTO public.occupation_major (occupation_id, major_id) VALUES (15, 4);
INSERT INTO public.occupation_major (occupation_id, major_id) VALUES (15, 5);
INSERT INTO public.occupation_major (occupation_id, major_id) VALUES (17, 3);
INSERT INTO public.occupation_major (occupation_id, major_id) VALUES (19, 3);
INSERT INTO public.occupation_major (occupation_id, major_id) VALUES (21, 4);
INSERT INTO public.occupation_major (occupation_id, major_id) VALUES (23, 3);
INSERT INTO public.occupation_major (occupation_id, major_id) VALUES (25, 4);
INSERT INTO public.occupation_major (occupation_id, major_id) VALUES (27, 3);
INSERT INTO public.occupation_major (occupation_id, major_id) VALUES (27, 28);
INSERT INTO public.occupation_major (occupation_id, major_id) VALUES (30, 5);
INSERT INTO public.occupation_major (occupation_id, major_id) VALUES (32, 3);
INSERT INTO public.occupation_major (occupation_id, major_id) VALUES (32, 4);
INSERT INTO public.occupation_major (occupation_id, major_id) VALUES (32, 5);
INSERT INTO public.occupation_major (occupation_id, major_id) VALUES (34, 4);
INSERT INTO public.occupation_major (occupation_id, major_id) VALUES (34, 5);
INSERT INTO public.occupation_major (occupation_id, major_id) VALUES (36, 3);
INSERT INTO public.occupation_major (occupation_id, major_id) VALUES (38, 3);
INSERT INTO public.occupation_major (occupation_id, major_id) VALUES (40, 41);
INSERT INTO public.occupation_major (occupation_id, major_id) VALUES (40, 4);
INSERT INTO public.occupation_major (occupation_id, major_id) VALUES (40, 5);
INSERT INTO public.occupation_major (occupation_id, major_id) VALUES (43, 4);
INSERT INTO public.occupation_major (occupation_id, major_id) VALUES (45, 4);
INSERT INTO public.occupation_major (occupation_id, major_id) VALUES (47, 3);
INSERT INTO public.occupation_major (occupation_id, major_id) VALUES (47, 4);
INSERT INTO public.occupation_major (occupation_id, major_id) VALUES (47, 5);
INSERT INTO public.occupation_major (occupation_id, major_id) VALUES (49, 3);
INSERT INTO public.occupation_major (occupation_id, major_id) VALUES (51, 4);
INSERT INTO public.occupation_major (occupation_id, major_id) VALUES (51, 5);
INSERT INTO public.occupation_major (occupation_id, major_id) VALUES (53, 3);
INSERT INTO public.occupation_major (occupation_id, major_id) VALUES (53, 28);
INSERT INTO public.occupation_major (occupation_id, major_id) VALUES (55, 3);
INSERT INTO public.occupation_major (occupation_id, major_id) VALUES (57, 5);
INSERT INTO public.occupation_major (occupation_id, major_id) VALUES (59, 3);
INSERT INTO public.occupation_major (occupation_id, major_id) VALUES (59, 4);
INSERT INTO public.occupation_major (occupation_id, major_id) VALUES (61, 3);
INSERT INTO public.occupation_major (occupation_id, major_id) VALUES (64, 41);
INSERT INTO public.occupation_major (occupation_id, major_id) VALUES (64, 28);
INSERT INTO public.occupation_major (occupation_id, major_id) VALUES (64, 4);
INSERT INTO public.occupation_major (occupation_id, major_id) VALUES (64, 5);
INSERT INTO public.occupation_major (occupation_id, major_id) VALUES (66, 67);
INSERT INTO public.occupation_major (occupation_id, major_id) VALUES (66, 41);
INSERT INTO public.occupation_major (occupation_id, major_id) VALUES (66, 68);
INSERT INTO public.occupation_major (occupation_id, major_id) VALUES (70, 67);
INSERT INTO public.occupation_major (occupation_id, major_id) VALUES (70, 68);
INSERT INTO public.occupation_major (occupation_id, major_id) VALUES (72, 67);
INSERT INTO public.occupation_major (occupation_id, major_id) VALUES (72, 41);
INSERT INTO public.occupation_major (occupation_id, major_id) VALUES (72, 68);
INSERT INTO public.occupation_major (occupation_id, major_id) VALUES (74, 41);
INSERT INTO public.occupation_major (occupation_id, major_id) VALUES (76, 41);
INSERT INTO public.occupation_major (occupation_id, major_id) VALUES (78, 67);
INSERT INTO public.occupation_major (occupation_id, major_id) VALUES (78, 41);
INSERT INTO public.occupation_major (occupation_id, major_id) VALUES (78, 68);
INSERT INTO public.occupation_major (occupation_id, major_id) VALUES (80, 41);
INSERT INTO public.occupation_major (occupation_id, major_id) VALUES (82, 41);
INSERT INTO public.occupation_major (occupation_id, major_id) VALUES (84, 67);
INSERT INTO public.occupation_major (occupation_id, major_id) VALUES (84, 41);
INSERT INTO public.occupation_major (occupation_id, major_id) VALUES (84, 68);
INSERT INTO public.occupation_major (occupation_id, major_id) VALUES (86, 67);
INSERT INTO public.occupation_major (occupation_id, major_id) VALUES (86, 41);
INSERT INTO public.occupation_major (occupation_id, major_id) VALUES (86, 68);
INSERT INTO public.occupation_major (occupation_id, major_id) VALUES (88, 67);
INSERT INTO public.occupation_major (occupation_id, major_id) VALUES (88, 41);
INSERT INTO public.occupation_major (occupation_id, major_id) VALUES (88, 68);
INSERT INTO public.occupation_major (occupation_id, major_id) VALUES (90, 41);
INSERT INTO public.occupation_major (occupation_id, major_id) VALUES (90, 68);
INSERT INTO public.occupation_major (occupation_id, major_id) VALUES (92, 41);
INSERT INTO public.occupation_major (occupation_id, major_id) VALUES (92, 68);
INSERT INTO public.occupation_major (occupation_id, major_id) VALUES (94, 41);
INSERT INTO public.occupation_major (occupation_id, major_id) VALUES (94, 4);
INSERT INTO public.occupation_major (occupation_id, major_id) VALUES (94, 5);
INSERT INTO public.occupation_major (occupation_id, major_id) VALUES (97, 28);
INSERT INTO public.occupation_major (occupation_id, major_id) VALUES (99, 100);
INSERT INTO public.occupation_major (occupation_id, major_id) VALUES (102, 103);
INSERT INTO public.occupation_major (occupation_id, major_id) VALUES (105, 106);
INSERT INTO public.occupation_major (occupation_id, major_id) VALUES (105, 28);
INSERT INTO public.occupation_major (occupation_id, major_id) VALUES (108, 106);
INSERT INTO public.occupation_major (occupation_id, major_id) VALUES (108, 67);
INSERT INTO public.occupation_major (occupation_id, major_id) VALUES (110, 103);
INSERT INTO public.occupation_major (occupation_id, major_id) VALUES (112, 106);
INSERT INTO public.occupation_major (occupation_id, major_id) VALUES (114, 67);
INSERT INTO public.occupation_major (occupation_id, major_id) VALUES (114, 100);
INSERT INTO public.occupation_major (occupation_id, major_id) VALUES (116, 106);
INSERT INTO public.occupation_major (occupation_id, major_id) VALUES (116, 117);
INSERT INTO public.occupation_major (occupation_id, major_id) VALUES (116, 28);
INSERT INTO public.occupation_major (occupation_id, major_id) VALUES (119, 68);
INSERT INTO public.occupation_major (occupation_id, major_id) VALUES (121, 106);
INSERT INTO public.occupation_major (occupation_id, major_id) VALUES (123, 106);
INSERT INTO public.occupation_major (occupation_id, major_id) VALUES (123, 124);
INSERT INTO public.occupation_major (occupation_id, major_id) VALUES (126, 28);
INSERT INTO public.occupation_major (occupation_id, major_id) VALUES (128, 124);
INSERT INTO public.occupation_major (occupation_id, major_id) VALUES (130, 28);
INSERT INTO public.occupation_major (occupation_id, major_id) VALUES (132, 28);
INSERT INTO public.occupation_major (occupation_id, major_id) VALUES (134, 100);
INSERT INTO public.occupation_major (occupation_id, major_id) VALUES (136, 28);
INSERT INTO public.occupation_major (occupation_id, major_id) VALUES (138, 139);
INSERT INTO public.occupation_major (occupation_id, major_id) VALUES (141, 100);
INSERT INTO public.occupation_major (occupation_id, major_id) VALUES (143, 28);
INSERT INTO public.occupation_major (occupation_id, major_id) VALUES (145, 103);
INSERT INTO public.occupation_major (occupation_id, major_id) VALUES (145, 124);
INSERT INTO public.occupation_major (occupation_id, major_id) VALUES (147, 28);
INSERT INTO public.occupation_major (occupation_id, major_id) VALUES (149, 139);
INSERT INTO public.occupation_major (occupation_id, major_id) VALUES (151, 28);
INSERT INTO public.occupation_major (occupation_id, major_id) VALUES (153, 106);
INSERT INTO public.occupation_major (occupation_id, major_id) VALUES (155, 67);
INSERT INTO public.occupation_major (occupation_id, major_id) VALUES (155, 100);
INSERT INTO public.occupation_major (occupation_id, major_id) VALUES (157, 100);
INSERT INTO public.occupation_major (occupation_id, major_id) VALUES (159, 100);
INSERT INTO public.occupation_major (occupation_id, major_id) VALUES (161, 103);
INSERT INTO public.occupation_major (occupation_id, major_id) VALUES (161, 124);
INSERT INTO public.occupation_major (occupation_id, major_id) VALUES (163, 124);
INSERT INTO public.occupation_major (occupation_id, major_id) VALUES (165, 103);
INSERT INTO public.occupation_major (occupation_id, major_id) VALUES (165, 124);
INSERT INTO public.occupation_major (occupation_id, major_id) VALUES (167, 100);
INSERT INTO public.occupation_major (occupation_id, major_id) VALUES (169, 100);


--
-- TOC entry 2869 (class 0 OID 46557)
-- Dependencies: 201
-- Data for Name: salary; Type: TABLE DATA; Schema: public; Owner: postgres
--

INSERT INTO public.salary (id, highest, without_experience, year_of_experience, occupation_id) VALUES (6, 70, 20, 40, 2);
INSERT INTO public.salary (id, highest, without_experience, year_of_experience, occupation_id) VALUES (8, 70, 20, 40, 7);
INSERT INTO public.salary (id, highest, without_experience, year_of_experience, occupation_id) VALUES (10, 70, 20, 40, 9);
INSERT INTO public.salary (id, highest, without_experience, year_of_experience, occupation_id) VALUES (12, 70, 20, 40, 11);
INSERT INTO public.salary (id, highest, without_experience, year_of_experience, occupation_id) VALUES (14, 70, 20, 40, 13);
INSERT INTO public.salary (id, highest, without_experience, year_of_experience, occupation_id) VALUES (16, 70, 20, 40, 15);
INSERT INTO public.salary (id, highest, without_experience, year_of_experience, occupation_id) VALUES (18, 70, 20, 40, 17);
INSERT INTO public.salary (id, highest, without_experience, year_of_experience, occupation_id) VALUES (20, 70, 20, 40, 19);
INSERT INTO public.salary (id, highest, without_experience, year_of_experience, occupation_id) VALUES (22, 70, 20, 40, 21);
INSERT INTO public.salary (id, highest, without_experience, year_of_experience, occupation_id) VALUES (24, 70, 20, 40, 23);
INSERT INTO public.salary (id, highest, without_experience, year_of_experience, occupation_id) VALUES (26, 70, 20, 40, 25);
INSERT INTO public.salary (id, highest, without_experience, year_of_experience, occupation_id) VALUES (29, 70, 20, 40, 27);
INSERT INTO public.salary (id, highest, without_experience, year_of_experience, occupation_id) VALUES (31, 70, 20, 40, 30);
INSERT INTO public.salary (id, highest, without_experience, year_of_experience, occupation_id) VALUES (33, 70, 20, 40, 32);
INSERT INTO public.salary (id, highest, without_experience, year_of_experience, occupation_id) VALUES (35, 70, 20, 40, 34);
INSERT INTO public.salary (id, highest, without_experience, year_of_experience, occupation_id) VALUES (37, 70, 20, 40, 36);
INSERT INTO public.salary (id, highest, without_experience, year_of_experience, occupation_id) VALUES (39, 70, 20, 40, 38);
INSERT INTO public.salary (id, highest, without_experience, year_of_experience, occupation_id) VALUES (42, 70, 20, 40, 40);
INSERT INTO public.salary (id, highest, without_experience, year_of_experience, occupation_id) VALUES (44, 70, 20, 40, 43);
INSERT INTO public.salary (id, highest, without_experience, year_of_experience, occupation_id) VALUES (46, 70, 20, 40, 45);
INSERT INTO public.salary (id, highest, without_experience, year_of_experience, occupation_id) VALUES (48, 70, 20, 40, 47);
INSERT INTO public.salary (id, highest, without_experience, year_of_experience, occupation_id) VALUES (50, 70, 20, 40, 49);
INSERT INTO public.salary (id, highest, without_experience, year_of_experience, occupation_id) VALUES (52, 70, 20, 40, 51);
INSERT INTO public.salary (id, highest, without_experience, year_of_experience, occupation_id) VALUES (54, 70, 20, 40, 53);
INSERT INTO public.salary (id, highest, without_experience, year_of_experience, occupation_id) VALUES (56, 70, 20, 40, 55);
INSERT INTO public.salary (id, highest, without_experience, year_of_experience, occupation_id) VALUES (58, 70, 20, 40, 57);
INSERT INTO public.salary (id, highest, without_experience, year_of_experience, occupation_id) VALUES (60, 70, 20, 40, 59);
INSERT INTO public.salary (id, highest, without_experience, year_of_experience, occupation_id) VALUES (62, 70, 20, 40, 61);
INSERT INTO public.salary (id, highest, without_experience, year_of_experience, occupation_id) VALUES (65, 70, 20, 40, 64);
INSERT INTO public.salary (id, highest, without_experience, year_of_experience, occupation_id) VALUES (69, 70, 20, 40, 66);
INSERT INTO public.salary (id, highest, without_experience, year_of_experience, occupation_id) VALUES (71, 70, 20, 40, 70);
INSERT INTO public.salary (id, highest, without_experience, year_of_experience, occupation_id) VALUES (73, 70, 20, 40, 72);
INSERT INTO public.salary (id, highest, without_experience, year_of_experience, occupation_id) VALUES (75, 70, 20, 40, 74);
INSERT INTO public.salary (id, highest, without_experience, year_of_experience, occupation_id) VALUES (77, 70, 20, 40, 76);
INSERT INTO public.salary (id, highest, without_experience, year_of_experience, occupation_id) VALUES (79, 70, 20, 40, 78);
INSERT INTO public.salary (id, highest, without_experience, year_of_experience, occupation_id) VALUES (81, 70, 20, 40, 80);
INSERT INTO public.salary (id, highest, without_experience, year_of_experience, occupation_id) VALUES (83, 70, 20, 40, 82);
INSERT INTO public.salary (id, highest, without_experience, year_of_experience, occupation_id) VALUES (85, 70, 20, 40, 84);
INSERT INTO public.salary (id, highest, without_experience, year_of_experience, occupation_id) VALUES (87, 70, 20, 40, 86);
INSERT INTO public.salary (id, highest, without_experience, year_of_experience, occupation_id) VALUES (89, 70, 20, 40, 88);
INSERT INTO public.salary (id, highest, without_experience, year_of_experience, occupation_id) VALUES (91, 70, 20, 40, 90);
INSERT INTO public.salary (id, highest, without_experience, year_of_experience, occupation_id) VALUES (93, 70, 20, 40, 92);
INSERT INTO public.salary (id, highest, without_experience, year_of_experience, occupation_id) VALUES (95, 70, 20, 40, 94);
INSERT INTO public.salary (id, highest, without_experience, year_of_experience, occupation_id) VALUES (98, 70, 20, 40, 97);
INSERT INTO public.salary (id, highest, without_experience, year_of_experience, occupation_id) VALUES (101, 70, 20, 40, 99);
INSERT INTO public.salary (id, highest, without_experience, year_of_experience, occupation_id) VALUES (104, 70, 20, 40, 102);
INSERT INTO public.salary (id, highest, without_experience, year_of_experience, occupation_id) VALUES (107, 70, 20, 40, 105);
INSERT INTO public.salary (id, highest, without_experience, year_of_experience, occupation_id) VALUES (109, 70, 20, 40, 108);
INSERT INTO public.salary (id, highest, without_experience, year_of_experience, occupation_id) VALUES (111, 70, 20, 40, 110);
INSERT INTO public.salary (id, highest, without_experience, year_of_experience, occupation_id) VALUES (113, 70, 20, 40, 112);
INSERT INTO public.salary (id, highest, without_experience, year_of_experience, occupation_id) VALUES (115, 70, 20, 40, 114);
INSERT INTO public.salary (id, highest, without_experience, year_of_experience, occupation_id) VALUES (118, 70, 20, 40, 116);
INSERT INTO public.salary (id, highest, without_experience, year_of_experience, occupation_id) VALUES (120, 70, 20, 40, 119);
INSERT INTO public.salary (id, highest, without_experience, year_of_experience, occupation_id) VALUES (122, 70, 20, 40, 121);
INSERT INTO public.salary (id, highest, without_experience, year_of_experience, occupation_id) VALUES (125, 70, 20, 40, 123);
INSERT INTO public.salary (id, highest, without_experience, year_of_experience, occupation_id) VALUES (127, 70, 20, 40, 126);
INSERT INTO public.salary (id, highest, without_experience, year_of_experience, occupation_id) VALUES (129, 70, 20, 40, 128);
INSERT INTO public.salary (id, highest, without_experience, year_of_experience, occupation_id) VALUES (131, 70, 20, 40, 130);
INSERT INTO public.salary (id, highest, without_experience, year_of_experience, occupation_id) VALUES (133, 70, 20, 40, 132);
INSERT INTO public.salary (id, highest, without_experience, year_of_experience, occupation_id) VALUES (135, 70, 20, 40, 134);
INSERT INTO public.salary (id, highest, without_experience, year_of_experience, occupation_id) VALUES (137, 70, 20, 40, 136);
INSERT INTO public.salary (id, highest, without_experience, year_of_experience, occupation_id) VALUES (140, 70, 20, 40, 138);
INSERT INTO public.salary (id, highest, without_experience, year_of_experience, occupation_id) VALUES (142, 70, 20, 40, 141);
INSERT INTO public.salary (id, highest, without_experience, year_of_experience, occupation_id) VALUES (144, 70, 20, 40, 143);
INSERT INTO public.salary (id, highest, without_experience, year_of_experience, occupation_id) VALUES (146, 70, 20, 40, 145);
INSERT INTO public.salary (id, highest, without_experience, year_of_experience, occupation_id) VALUES (148, 70, 20, 40, 147);
INSERT INTO public.salary (id, highest, without_experience, year_of_experience, occupation_id) VALUES (150, 70, 20, 40, 149);
INSERT INTO public.salary (id, highest, without_experience, year_of_experience, occupation_id) VALUES (152, 70, 20, 40, 151);
INSERT INTO public.salary (id, highest, without_experience, year_of_experience, occupation_id) VALUES (154, 70, 20, 40, 153);
INSERT INTO public.salary (id, highest, without_experience, year_of_experience, occupation_id) VALUES (156, 70, 20, 40, 155);
INSERT INTO public.salary (id, highest, without_experience, year_of_experience, occupation_id) VALUES (158, 70, 20, 40, 157);
INSERT INTO public.salary (id, highest, without_experience, year_of_experience, occupation_id) VALUES (160, 70, 20, 40, 159);
INSERT INTO public.salary (id, highest, without_experience, year_of_experience, occupation_id) VALUES (162, 70, 20, 40, 161);
INSERT INTO public.salary (id, highest, without_experience, year_of_experience, occupation_id) VALUES (164, 70, 20, 40, 163);
INSERT INTO public.salary (id, highest, without_experience, year_of_experience, occupation_id) VALUES (166, 70, 20, 40, 165);
INSERT INTO public.salary (id, highest, without_experience, year_of_experience, occupation_id) VALUES (168, 70, 20, 40, 167);
INSERT INTO public.salary (id, highest, without_experience, year_of_experience, occupation_id) VALUES (170, 70, 20, 40, 169);


--
-- TOC entry 2870 (class 0 OID 46562)
-- Dependencies: 202
-- Data for Name: stats; Type: TABLE DATA; Schema: public; Owner: postgres
--



--
-- TOC entry 2871 (class 0 OID 46567)
-- Dependencies: 203
-- Data for Name: trajectory; Type: TABLE DATA; Schema: public; Owner: postgres
--

INSERT INTO public.trajectory (id, name) VALUES (1, 'Информационные технологии');
INSERT INTO public.trajectory (id, name) VALUES (63, 'Информационная безопасность');
INSERT INTO public.trajectory (id, name) VALUES (96, 'Цифровая электроника');


--
-- TOC entry 2872 (class 0 OID 46572)
-- Dependencies: 204
-- Data for Name: usr; Type: TABLE DATA; Schema: public; Owner: postgres
--



--
-- TOC entry 2879 (class 0 OID 0)
-- Dependencies: 205
-- Name: hibernate_sequence; Type: SEQUENCE SET; Schema: public; Owner: postgres
--

SELECT pg_catalog.setval('public.hibernate_sequence', 170, true);


--
-- TOC entry 2721 (class 2606 OID 46533)
-- Name: comment comment_pkey; Type: CONSTRAINT; Schema: public; Owner: postgres
--

ALTER TABLE ONLY public.comment
    ADD CONSTRAINT comment_pkey PRIMARY KEY (id);


--
-- TOC entry 2723 (class 2606 OID 46538)
-- Name: company company_pkey; Type: CONSTRAINT; Schema: public; Owner: postgres
--

ALTER TABLE ONLY public.company
    ADD CONSTRAINT company_pkey PRIMARY KEY (id);


--
-- TOC entry 2725 (class 2606 OID 46543)
-- Name: major major_pkey; Type: CONSTRAINT; Schema: public; Owner: postgres
--

ALTER TABLE ONLY public.major
    ADD CONSTRAINT major_pkey PRIMARY KEY (id);


--
-- TOC entry 2729 (class 2606 OID 46556)
-- Name: occupation_major occupation_major_pkey; Type: CONSTRAINT; Schema: public; Owner: postgres
--

ALTER TABLE ONLY public.occupation_major
    ADD CONSTRAINT occupation_major_pkey PRIMARY KEY (occupation_id, major_id);


--
-- TOC entry 2727 (class 2606 OID 46551)
-- Name: occupation occupation_pkey; Type: CONSTRAINT; Schema: public; Owner: postgres
--

ALTER TABLE ONLY public.occupation
    ADD CONSTRAINT occupation_pkey PRIMARY KEY (id);


--
-- TOC entry 2731 (class 2606 OID 46561)
-- Name: salary salary_pkey; Type: CONSTRAINT; Schema: public; Owner: postgres
--

ALTER TABLE ONLY public.salary
    ADD CONSTRAINT salary_pkey PRIMARY KEY (id);


--
-- TOC entry 2733 (class 2606 OID 46566)
-- Name: stats stats_pkey; Type: CONSTRAINT; Schema: public; Owner: postgres
--

ALTER TABLE ONLY public.stats
    ADD CONSTRAINT stats_pkey PRIMARY KEY (id);


--
-- TOC entry 2735 (class 2606 OID 46571)
-- Name: trajectory trajectory_pkey; Type: CONSTRAINT; Schema: public; Owner: postgres
--

ALTER TABLE ONLY public.trajectory
    ADD CONSTRAINT trajectory_pkey PRIMARY KEY (id);


--
-- TOC entry 2737 (class 2606 OID 46579)
-- Name: usr usr_pkey; Type: CONSTRAINT; Schema: public; Owner: postgres
--

ALTER TABLE ONLY public.usr
    ADD CONSTRAINT usr_pkey PRIMARY KEY (id);


--
-- TOC entry 2740 (class 2606 OID 46592)
-- Name: occupation_major fk5i5nslo1rly6ouvnm51113g4t; Type: FK CONSTRAINT; Schema: public; Owner: postgres
--

ALTER TABLE ONLY public.occupation_major
    ADD CONSTRAINT fk5i5nslo1rly6ouvnm51113g4t FOREIGN KEY (major_id) REFERENCES public.major(id);


--
-- TOC entry 2738 (class 2606 OID 46582)
-- Name: comment fk7tsd7vyk1xv3l1wo9xpt7a6tf; Type: FK CONSTRAINT; Schema: public; Owner: postgres
--

ALTER TABLE ONLY public.comment
    ADD CONSTRAINT fk7tsd7vyk1xv3l1wo9xpt7a6tf FOREIGN KEY (company_id) REFERENCES public.company(id);


--
-- TOC entry 2742 (class 2606 OID 46602)
-- Name: salary fkah9v3ehilab9id768kwi7092x; Type: FK CONSTRAINT; Schema: public; Owner: postgres
--

ALTER TABLE ONLY public.salary
    ADD CONSTRAINT fkah9v3ehilab9id768kwi7092x FOREIGN KEY (occupation_id) REFERENCES public.occupation(id);


--
-- TOC entry 2741 (class 2606 OID 46597)
-- Name: occupation_major fknvjv7592uab15ou4r7cp0oxot; Type: FK CONSTRAINT; Schema: public; Owner: postgres
--

ALTER TABLE ONLY public.occupation_major
    ADD CONSTRAINT fknvjv7592uab15ou4r7cp0oxot FOREIGN KEY (occupation_id) REFERENCES public.occupation(id);


--
-- TOC entry 2739 (class 2606 OID 46587)
-- Name: occupation fkrcjduxap3dnym7813b6xved7y; Type: FK CONSTRAINT; Schema: public; Owner: postgres
--

ALTER TABLE ONLY public.occupation
    ADD CONSTRAINT fkrcjduxap3dnym7813b6xved7y FOREIGN KEY (trajectory_id) REFERENCES public.trajectory(id);


-- Completed on 2019-11-30 18:35:12

--
-- PostgreSQL database dump complete
--

